Warsaw,Łódź,Kraków,Wrocław,Poznań,Gdańsk,Szczecin,Bydgoszcz,Lublin,Katowice,Białystok,Gdynia,Częstochowa,Sosnowiec,Radom,Kielce,Gliwice,Toruń,Zabrze,Bytom,Bielsko-Biala,Olsztyn,Rzeszów,Ruda Śląska,Rybnik,Tychy,Białołeka,Opole,Elbląg,Płock,Wałbrzych,Gorzów Wielkopolski,Włocławek,Zielona Góra,Tarnów,Dąbrowa Górnicza,Chorzów,Kalisz,Koszalin,Legnica,Słupsk,Jaworzno,Jastrzębie Zdrój,Grudziądz,Nowy Sącz,Konin,Piotrków Trybunalski,Inowrocław,Lubin,Jelenia Góra,Siedlce,Piła,Ostrowiec Świętokrzyski,Siemianowice Śląskie,Ostrów Wielkopolski,Mysłowice,Stargard,Pabianice,Gniezno,Fordon,Suwałki,Tomaszów Mazowiecki,Przemyśl,Stalowa Wola,Zamość,Kędzierzyn-Koźle,Głogów,Wrzeszcz,Leszno,Żory,Bełchatów,Łomża,Tarnowskie Góry,Świdnica,Chełm,Tczew,Piekary Śląskie,Mielec,Racibórz,Będzin,Zgierz,Biała Podlaska,Ełk,Świętochłowice,Pruszków,Ostrołęka,Starachowice,Zawiercie,Legionowo,Tarnobrzeg,Puławy,Wodzisław Śląski,Skarżysko-Kamienna,Skierniewice,Kutno,Krosno,Dębica,Nysa,Starogard Gdański,Wejherowo
0.0,117.00243345638414,252.49725511869502,301.7286293713489,278.10657693529606,283.44687822159005,453.7576934375816,225.57985470769364,152.73993017030068,259.0680091515636,176.48241021575086,303.03034115699796,206.05554796821116,253.55963659219213,92.45423682804758,153.47945839971314,269.33707604777095,184.77105329322563,262.3427421464016,254.30471053160815,300.8683772815651,175.81595163337946,252.89904541492206,265.6101032812783,293.0479274805735,272.86089468608867,10.527460693873843,275.17156191013476,238.94023090687003,95.3438123244166,365.1129536598558,395.5331689999108,139.73925774674458,377.5199587310656,246.4095846378718,245.40898842252463,256.6151999379533,206.6341875934021,389.1946208790299,352.72296828825296,362.7016331654503,255.53730398950253,304.7921598473497,205.98996531193717,290.83334212075357,188.01625359694282,128.41590915198688,196.4061158587633,343.1925565957692,393.85280157429787,87.39163526109265,305.68423637311525,146.883232771392,252.50100600288562,228.77131149811981,258.9796508365252,419.28248715270934,129.80364073306924,235.18227470430867,217.01761919744936,245.24347841513938,103.79563631247275,298.2852545190713,196.85815440498666,228.31283320091916,284.95579922471677,343.46160131199434,287.1937249165084,306.5246817431145,291.5244390463495,148.71302244962146,126.88448141433764,248.32486132627443,348.66113464440224,208.1993458507965,255.07673306567997,251.59461758361684,217.9104547672522,307.2458090499809,249.02033333342658,117.42287443600327,145.32649422551106,199.43454208669314,259.70154264244957,15.107326194557308,102.54453822218645,132.64901873629634,223.12387606472623,19.952175009019633,189.94951843573105,111.83915132500204,304.4132791583918,124.54247676815282,65.83021803248185,112.21491553422032,287.5085402642023,243.81521785804014,321.40423380226287,254.37536051161533,321.8817498760234
117.00243345638414,0.0,192.79511749568914,184.87163811322515,187.6514766586276,292.30871683564675,379.9583552154749,180.28930073609928,221.70137141578374,171.02009034192582,292.3519313843113,311.9824509071277,111.01620002858695,167.0037993305427,122.62600929441338,128.24264208336726,173.01427568202098,150.4650339273639,167.79232007873813,162.63819907300717,218.6909529022374,233.72678431128395,261.3533966322768,173.60736484413073,197.2074890404897,185.07232063653763,119.35276746676462,162.93705368521657,264.8599334358999,87.75799670600121,248.12602776307398,308.2361315898171,101.43134475446332,273.08310403047835,222.2974444502323,160.85081975443006,166.57878224789175,95.17209350447631,348.4840159566797,237.6057974483861,341.0230054747563,174.60952532992158,211.46755090188594,196.63752091128728,253.98306350300464,97.68537142368731,43.57856581014196,140.8814475686196,229.780675573375,277.5613065702727,197.89500555415933,240.67895401455073,162.37520666253175,163.4619452227354,115.57123504061764,175.13721867772637,346.0173443341609,14.376844805626241,154.49784371906821,176.816987850921,348.38687839995487,45.47708391154121,319.88958620247706,223.07836046762665,287.55877339024676,180.4458442820197,233.78164681935465,295.48102457539636,199.46070723713473,199.36234336842313,45.40148293704719,234.8295181831009,153.42197703555624,231.67689718932422,285.59239597963654,262.35482467031017,159.2652752186515,214.00892105740175,206.3208121757777,162.4565126879959,10.538850028467886,251.57567584838932,300.14783100704915,168.48305666410067,101.89556567386698,204.2063683725782,137.55550896534987,142.7099361743006,121.54315988654989,203.38703591666618,176.80886671493508,208.64746344377366,121.35796193129231,51.26996094283805,51.70619545394468,282.31808308560556,234.48746051330582,207.5676722090673,252.0438842972964,325.8532436417586
252.49725511869502,192.79511749568914,0.0,235.25845068654857,334.3648301662697,485.0957527855743,526.5902897870574,365.5980576680603,227.66888100309123,68.3604047575678,407.8062650098331,504.7430854334957,99.96047367774825,64.38117944443059,171.7407717571716,102.37983695177374,93.48463123333993,341.0688678904483,87.00397659911195,78.22219393989792,68.99158624951653,415.2412996392688,147.2663270679405,80.00942829019372,99.60541628201113,69.70940366592112,261.4308756049672,157.98383189443607,456.2949272994007,276.8252886815037,270.5172967911258,441.60676642686,293.8849680125581,373.4433603905573,75.20429930530312,60.261271823980515,73.71393031526033,229.02773783549557,526.349542548055,295.2158111481019,527.9208141875864,49.7951411472777,98.02641173801935,389.17550597404545,73.23801743065489,267.591546116398,150.34998489512145,325.70614914350017,302.09091479904544,311.91934967712683,286.0477051273055,408.3856592404787,140.75957749070793,71.05151129783667,231.81015242120213,57.22577793472079,495.8190832101436,182.86508164534345,320.00058523489366,364.2343805282368,494.5545346889499,163.52143048145746,204.95177332988186,161.06845294497327,246.2498296202563,125.88533038335821,323.71026726629685,488.25514495863064,307.48493646165684,88.25924316388893,150.99880080621122,376.2244798420188,87.55634756961906,259.12344346498423,276.92604446284946,455.1497659366692,80.1249070224308,108.849497399112,122.59191010079249,64.79411918324973,202.93076147894183,312.1099195421505,450.6359876423269,77.14111476287592,242.36924060080315,354.8774469428495,134.92052665889767,60.08926138896195,269.1724195483568,136.18747519609877,207.7540621844482,104.80048666106366,134.28384938824468,211.10948489648362,244.48650544540516,137.8022858648884,105.29337783943912,190.5426289127285,444.52035313332834,518.3057683641704
301.7286293713489,184.87163811322515,235.25845068654857,0.0,145.49702359649845,377.62454556172565,309.0765632462456,234.62733360508898,386.0144479357434,168.81289907323566,475.5540511816369,393.25585285301696,150.3016868992504,171.59065701277117,288.2417369781759,252.85899207163553,146.12784422917755,238.16647907993345,150.50123224231027,157.69502096078472,201.220181739364,379.15948129334816,369.83327599020856,158.91479802424018,154.1718924209325,173.37376077209373,303.40240918982545,78.60658308135389,375.3053088486112,244.16911652865036,63.95101661234073,220.07965016016936,221.6621003032941,140.68169026884587,304.2441486216239,174.997201146443,162.72184257448365,103.82613722413156,348.9419086856646,61.99579194924187,374.0654212452824,186.73140167093175,167.53524789692395,289.7503283992255,307.4547136024163,150.52755212241576,188.87909839873666,206.86775166175659,66.86676002488227,93.9502799162368,381.6323713921972,229.0005535454909,304.98491466115377,164.6864081276335,81.79785981165887,180.1812364055258,283.0190367386943,172.88829377494838,163.9485593292545,240.6070418770802,520.0407421742439,212.25052525440026,431.43442582329425,357.0718617089061,437.8678819754719,118.34738897879966,90.90316518596313,379.40410188036844,88.23233939577183,166.18267015388787,164.49227085740168,413.42579724501985,147.71957338908842,47.60808979405748,449.23312864920587,352.9608951700241,155.41042667227774,322.1468120830884,139.8943381104077,170.6027798476455,184.5539591608647,432.9189747503367,471.4588734249219,159.9653030691875,286.63834491942697,380.7668187357336,282.195028894122,180.825477392524,304.53030745421034,331.42208764196727,345.2175852136022,158.70886973529602,267.94921363083563,236.1355179695003,204.05762393959037,370.57621340102446,330.3495183638728,72.77607490292162,334.0682456926283,398.069054618414
278.10657693529606,187.6514766586276,334.3648301662697,145.49702359649845,0.0,244.51174438746278,195.71556184233015,107.73107023005956,408.034096243893,279.81510046924984,426.97739004569047,257.6575237671467,234.5682556598521,279.9202660390855,310.0674143510009,307.03184165639726,264.03330940796076,131.0782599529851,264.92277356400024,267.81494686693,323.1115186293713,282.70711367785697,440.0612691826964,273.8140359597158,280.2487327081622,289.39986080184957,274.5896032140975,204.81287581546061,254.57368904046476,188.6705954191369,187.2478327472324,120.67073925222844,147.0852905277551,110.32429056759501,388.06423573428174,279.3776483293013,273.34892172463344,107.00917322184411,205.03182242100726,143.17495471464323,228.8359437640103,294.0844097507254,295.70439020089435,171.0994599593645,406.5316039825976,92.10271641242211,220.42281647553074,100.07078388287906,122.51922883761837,186.94560170259334,365.4705718693523,83.79018161835788,348.3429396896612,273.29398966985514,102.90311281999668,289.776968492946,163.12029496288577,185.26294840311775,46.43932413628293,117.28154971419735,441.69654915302146,232.26688095356883,500.91620836927655,408.44500895038635,475.2006899355584,245.78001666777658,100.8738597609803,245.6207649038778,67.50113690854187,290.0926279470095,202.62238121342287,355.31447564102484,255.91340903354876,176.46207091322685,471.31327214343753,224.12882083394888,264.51186567141264,391.00528344316945,272.59518819812314,277.04945404097003,179.78812220117328,423.3639800832633,395.50041624172786,272.23163074019686,265.32229860739477,321.6377339759064,323.29897333333923,274.2758046507373,271.0972915140581,386.8092395628975,362.701218688078,287.98925899094667,307.013396154293,225.76551561153292,166.5984750355872,453.54507288198164,407.2678263513653,216.77338830223917,203.1896817168618,259.2781896153659
283.44687822159005,292.30871683564675,485.0957527855743,377.62454556172565,244.51174438746278,0.0,287.33154694242523,142.99723797025405,433.85843406599247,455.9411241020847,326.3223019532301,20.018769801869183,396.6861180804622,453.1100893178211,368.29696913439096,409.52753235110134,450.86147380518565,148.87448255617534,447.91685823598095,445.6680296489827,504.42329243328635,136.1761932929324,530.8058716020025,455.4349486639841,473.2063004623752,469.1939460385588,273.44410191639696,412.1299109026148,54.13498005507449,212.60822214799583,429.00025619879966,288.62926376807377,191.4990842033353,340.7398862289515,507.9908024236771,448.40564776848373,450.4853038412858,290.5276146593896,161.7691988320566,387.31966913792434,105.59782582580046,463.0806531801197,488.93363400670864,96.77740376961033,544.3193353332889,238.1937672695562,335.2070174083883,174.59327117484995,366.936947791662,431.4555747623707,342.9251032411285,183.34541015527213,422.9439271017579,448.28904402174567,305.16473015625894,462.2223961009482,261.69085862455745,302.57216841915806,214.07451679713327,137.53526326105654,279.52611898550595,326.6194738524981,580.420177612646,478.25740472155405,509.43580855724406,445.9742755417816,344.65372963532354,3.808796157212113,311.72978216028105,478.93382228761203,335.12251323652913,259.35835940701213,434.6535074765659,416.4726987498547,482.1712552773844,30.08185821255505,442.07782822826107,489.6973192408475,474.62747361109825,448.85916604250747,282.17476671736557,393.7195379689541,249.1930253293594,451.36370389528787,282.00059940961467,238.50389162051712,403.0622963141836,432.8596549292391,264.3113937340445,467.59099272259004,395.1162083716326,483.68142082321936,389.979006043193,284.92731466342406,240.64965077139726,560.696132592879,513.8440221376059,440.36877657773897,43.91142199593012,38.82939870177429
453.7576934375816,379.9583552154749,526.5902897870574,309.0765632462456,195.71556184233015,287.33154694242523,0.0,232.1694842235916,595.4752331251915,467.552333217963,573.0920763450091,287.00128399467775,427.7629043537089,468.5851183943735,500.5113860272431,502.4426136132427,448.6340406459296,273.19420815691694,451.0111830580918,455.58364113950597,506.78797117831243,393.8070102178976,635.7141709928779,459.9217854869987,460.9422660467504,475.3639131064319,447.8779429011981,383.50644988158257,328.8735958483092,358.5359343908254,318.2633889486924,89.22059665471792,314.02862813349475,178.06383343383726,583.2347537554192,469.2627046395664,461.07293908727763,302.4338880329788,136.17573554686285,269.8583044427431,198.72017327667217,483.36376598924903,475.25860700188304,278.1478911496745,599.4991669799153,282.2788794531774,415.3214284394611,257.35465615992507,251.68560163792438,292.43877570911235,538.4367308009364,148.45499259219338,542.1260139551268,461.7138855934929,295.46020620854375,478.2222538406896,34.51349055127025,379.2458942667253,225.85297975822073,242.43780904855342,555.4548890597385,425.3027251522492,696.4171934175354,602.636256961336,665.6916581595436,425.04226733594095,221.92521488797493,285.6980148440989,223.18675567791934,472.20130745303646,398.2296799913217,499.3242964963872,444.0191127519717,316.32832450560676,657.160855050882,287.2987537678394,452.54747198259525,586.694654622945,448.5906364653996,466.25628304016766,371.1486373251757,596.7583742383803,516.7508466387116,459.3306086256883,443.2653308657256,468.49844849997965,517.1658020399153,466.7471959878774,442.1896231480872,581.6863520279991,550.0957838444975,466.6957221897832,500.8878115920355,411.65513509485135,349.51664432118406,649.0151832739172,602.9176265171232,379.8132111915784,268.22428592154137,273.81930993647416
225.57985470769364,180.28930073609928,365.5980576680603,234.62733360508898,107.73107023005956,142.99723797025405,232.1694842235916,0.0,374.0496935008447,326.23902169577207,343.9809054725119,158.92925341566203,269.8176693762272,324.3330057676068,286.78099396411255,308.0831187461412,317.5830989484442,41.29816254874517,315.7646010245321,315.119464814986,374.03980087468545,180.09196694909636,439.76370373755327,323.9047975328991,338.5297948312329,338.5863439290821,218.6486551635699,272.6405515138753,147.02353706882369,130.89019608972254,286.95271331238723,191.1429976416919,88.61864209493567,214.636155608585,402.3716693132846,320.94402786683423,320.3020483606557,151.5984791239047,169.71185271120007,247.1961681027992,162.33385248272398,336.0437414081536,354.448397135761,63.75866946747956,431.73781960881263,101.42716196497791,223.1662419279596,39.97079105071168,227.57683127179436,292.3081463108593,307.79000208964976,84.75853904584301,335.97549504766187,318.7650845521949,163.85581446535403,333.94633897988234,198.27837500247563,186.20800319287312,71.41611280398827,11.19837097490761,342.729150377508,223.2165271983503,496.34706942519364,396.14156898056245,447.67070496523917,308.7830906297037,208.26352070931378,144.79955128016675,172.53390553259592,345.6160641246747,215.6383450645585,270.22099163252665,303.51320177761187,273.99257754256263,432.9296215012146,119.1195952158836,311.5265576925922,393.4660000538141,337.40929499307924,320.43975895822825,169.82644604496895,365.81572641243196,298.75021754156313,320.5432744723602,216.82549948223746,238.2000531214916,312.41215618100927,308.6749948712414,212.16497143884206,379.4265346514498,329.61683098679646,348.3783386118498,296.9553724873106,195.0337831516941,134.97694914008378,462.46145703854114,414.60923929908324,298.24572045654514,99.54155668262148,165.4871571349481
152.73993017030068,221.70137141578374,227.66888100309123,386.0144479357434,408.034096243893,433.85843406599247,595.4752331251915,374.0496935008447,0.0,272.25371453597137,213.3405052327544,453.06675599212645,245.98143352805852,266.00191618755764,100.08056721922736,141.93881365451446,293.281271191766,334.34306291724283,284.9567681758814,274.33748354169467,295.04242342794043,314.3036860438517,140.23142668424632,283.3049591550082,311.1963144793218,282.13342656964477,161.9210524665634,331.29103557423963,386.4573180757584,243.50565849865689,442.5908660468758,528.6343505232088,285.73874363239054,493.43428194767404,176.93325726518938,257.2958614458024,273.5050211840638,314.88560300685936,540.6314297571174,445.84330991826954,515.4414484979441,259.1514987808645,316.31273182955044,358.7045213007241,224.28980917852152,316.20134309019653,199.69506445954988,340.99506755959146,442.46504420327693,479.1193525733482,103.81018490758271,449.81442686004635,89.88470290840239,268.97611055352877,332.81858532431437,265.8751223034307,561.0378909524486,227.24225837549594,370.5599318837674,366.40007503144665,319.15659974965456,180.22407072156668,163.51891360091602,82.44978477549635,75.71645365750932,320.99536261282395,451.3212778303796,437.6460417429107,419.38195204097843,303.67292592134004,223.49580373576853,217.15725757650537,275.04529751149425,427.1666215946397,64.16561251149749,406.27856305231444,273.3827127903125,133.8726655123953,332.26509005879,262.77119015290833,228.63283701162504,94.91020460382974,287.0121264829732,277.62857081341116,158.40744073683496,215.06758122196018,106.96315345103483,236.71512480408387,170.57198061319886,97.65210226914544,45.44003894025637,320.28972435131874,119.12388679685878,183.85725599508885,245.9706259816871,182.5238034780121,156.18510681904013,377.14730827004104,406.6933828032753,472.58417426287554
259.0680091515636,171.02009034192582,68.3604047575678,168.81289907323566,279.81510046924984,455.9411241020847,467.552333217963,326.23902169577207,272.25371453597137,0.0,428.2109864653401,474.93306728650015,60.216428590873484,6.276239470953588,195.80662729563605,131.90871550740806,25.317440199496502,307.8080851902007,18.700597933244943,12.022530708249121,48.49617055158624,404.2100316831623,213.07932103327693,12.171998238857405,38.96269509941351,14.166087801199978,266.2459132025809,90.56619872764315,433.7468502132357,258.7768242131561,202.1631137781172,380.81457730138,265.74381856731304,308.54144148616626,142.27290628078123,15.134751337955283,6.4927491829617505,179.47370414379736,478.8264833708114,227.72922175663462,486.8920241250782,18.565321306252322,46.664648183539114,359.1732377612725,138.86911955148284,225.07536442543562,136.08680277224454,287.3778746076818,235.63252963107126,243.55896142775651,310.93687690610193,358.25640238658576,182.37227035793825,7.669825017311771,177.2694788456813,11.40413537258547,438.0188685560963,158.0155027433038,272.2377420843724,326.7086208220978,504.20801052100984,157.37342289283683,272.2818498855156,217.36869448332413,303.23678338081135,57.822839749743075,258.615346116866,458.7952780407919,245.60420861796848,33.2332380102672,125.61988489271621,385.95052596461966,23.90653599152495,190.81418135548978,328.0196285630767,426.661508434895,15.32118926317106,170.32802853557186,60.46189112761552,10.255657999925562,179.56114005802755,346.71790100469343,457.7651860894301,8.900582578249548,246.2880240887468,360.1481595999638,168.1181269041542,37.57454420006913,272.3675472765129,191.11313727995753,243.40685300126918,48.67724651978469,160.95891851498774,204.4843310029774,220.54896923329656,206.1279588832002,171.38096805735788,122.45660556748832,413.45424395795686,486.3583005330781
176.48241021575086,292.3519313843113,407.8062650098331,475.5540511816369,426.97739004569047,326.3223019532301,573.0920763450091,343.9809054725119,213.3405052327544,428.2109864653401,0.0,340.750736101363,379.5521582549543,422.3047195771722,236.37132214751804,305.69740611676957,441.440579366585,305.28090233971864,433.96414272465466,425.0763497384398,465.5070914332775,190.8357875445268,353.1031844959564,436.14419177913715,464.40812102989344,441.35850075261794,173.04423766993563,451.5720814371601,272.20283394695,241.21298096537646,539.3822521923823,533.3838911135181,280.0311262378495,534.5267761812563,378.06156636332656,413.69152248505566,426.6661974722352,376.05730918879794,475.324650865229,522.9430285296734,429.0879324835569,421.7108179503399,474.78139631842583,295.577318440317,426.3034788670926,346.25199850921075,303.8828853897285,330.2245861653744,511.2096156143236,565.8329372128502,122.5002820945906,428.4954015248356,273.60674369213956,422.30723928225564,398.8327105264429,426.30347977291314,540.2293085585235,305.6886811803395,380.7144827888296,333.0363479867575,109.87923307887344,278.7265034755768,373.33272349991194,293.67351729553206,268.0681904819522,459.5972385626116,507.1303285022366,329.8496864449809,468.5674665257628,461.34903447130864,325.01177527724485,73.84393928676386,420.46890841184086,522.9423323440891,222.29199422491914,308.3168900530663,422.70801362555875,338.41763090606776,480.37127761420226,417.9665897456223,291.3508290785279,122.46265573511371,93.64976181896951,430.1158031503586,191.3837130400959,106.16854403912538,273.41131064121396,390.94406181095366,171.1240557187696,302.3917813702662,207.4810198202516,475.4892152369454,273.7601018198845,241.8196173631059,275.09622047411847,395.01832945999274,363.42452421740063,497.8838331416939,319.9572247880949,362.1412328757979
303.03034115699796,311.9824509071277,504.7430854334957,393.25585285301696,257.6575237671467,20.018769801869183,287.00128399467775,158.92925341566203,453.06675599212645,474.93306728650015,340.750736101363,0.0,415.83400379505093,472.17737517369966,388.21633163004714,429.5297951973117,469.4872519406586,167.42056042238536,466.6649938379225,464.5732822968309,523.3959633632332,151.91895577786016,550.762611199131,474.2547975466449,491.6777390751249,488.1163947456881,292.9800888196713,429.69541256364715,69.96274748087589,232.6087674746847,443.374661100098,294.408087581516,210.99960548344518,350.7543554109151,527.9832659531938,467.57062185114916,469.4290257813166,308.05834603828424,157.0919805703904,400.79109848439134,97.27059457036076,482.2908036887956,507.44309790882113,115.97149998374489,564.2151933066716,255.92674900280832,354.960847321379,192.07180618207713,380.17059193194683,444.4428037403891,361.2811443853693,192.2840238471192,442.89669133633043,467.28884903225185,322.1041464631222,481.33858254636476,263.1123540666108,322.1129973758341,229.36358866136695,154.24725403694254,288.8497555380759,346.5523170715913,600.2297294033508,498.0904272935306,528.5837715109122,464.03933098301826,357.0338987307504,16.573417847981727,325.10851771981913,497.5803105881605,354.5973713727847,275.21394296573186,453.4906919367216,431.1949884882874,500.7854929449878,50.03470052676866,460.979106852569,509.7090951425663,492.71051244850133,467.9510182597971,301.8123368648899,411.3944228469324,260.9764096841821,470.2490955452479,301.7717802079054,255.55979725836085,423.06072179569406,452.22629679508566,283.8104891549819,487.53554688364176,414.6129718824575,502.07489806194866,409.9932965624123,304.943670947625,260.3568248848544,580.708974188264,533.8623727667471,457.0233553552161,61.706435529944955,21.401962902799273
206.05554796821116,111.01620002858695,99.96047367774825,150.3016868992504,234.5682556598521,396.6861180804622,427.7629043537089,269.8176693762272,245.98143352805852,60.216428590873484,379.5521582549543,415.83400379505093,0.0,56.68742847987442,156.50811362492345,105.90037637544346,63.84887326052778,249.17572315198024,57.622407096275104,51.661329986491495,108.44372364981783,344.5711293966993,220.2977111358653,62.75212511967496,88.01618904463294,74.15428572815877,212.27672221223796,85.49000575885319,373.63848374410253,198.72827149428417,199.65039878394307,344.01515028552996,205.93724403723874,281.2360025669928,158.11914951082238,51.74476235190896,55.574961389820274,129.10329684875188,427.3339488523279,212.2961891027785,431.5907383476088,66.59682714728652,101.30683291007824,299.919148162625,172.01333787629682,169.77333284600252,78.87263384603052,230.37626370367204,214.8446435040284,238.6120309236657,267.00763857224723,308.65066709721077,159.37699503286328,52.58990754797415,132.38787955023656,65.56415185629997,396.54891549336054,97.8439608883849,220.59166863781417,269.53332250304965,449.78903733205925,102.37200803372107,282.15941574853395,207.69726713268415,290.42648038106813,80.5480639847152,232.55122199823927,399.6037464662397,211.77634873169478,88.75687314099181,65.68607686402241,332.40326684164575,43.20151582100879,185.20402229583934,306.80921210810203,367.24322626664605,48.34477218503441,172.09663210614747,101.2011352154973,52.30509761580833,119.39236072800483,309.04875331327565,402.61956848740436,57.49685727440273,192.37972210587387,305.0273336757602,139.1012920879323,40.06283183161795,217.5916486468722,181.72028839860423,210.25819063727081,99.52322235903668,127.36624984788232,147.457692079,160.3357467603408,224.90839368966226,181.9758483792889,131.21857612555985,354.5351899555531,427.76641993655164
253.55963659219213,167.0037993305427,64.38117944443059,171.59065701277117,279.9202660390855,453.1100893178211,468.5851183943735,324.3330057676068,266.00191618755764,6.276239470953588,422.3047195771722,472.17737517369966,56.68742847987442,0.0,189.651323133167,125.63449316613784,30.37665086716504,305.21928738744435,22.984225481494853,13.920216350678517,51.79563599033213,399.87165838503347,208.00899538056882,17.873201238376502,45.231366186346776,19.301563435079373,260.8285911515927,93.75125723669058,430.3113709588675,254.7479440573159,206.43975429627073,382.16162492810236,262.582004852046,310.86730659958755,137.56211990758084,8.878753389880202,9.448683794382637,178.57756323582294,478.05724886876766,231.02061550736096,485.321083971098,15.1751754210144,52.73161628306341,356.33268636856087,135.86468360739613,223.35701049591827,131.31211708358182,285.2968129010001,238.4543512524716,247.75881378626318,304.8526102133032,357.76213707108883,176.1227431343261,6.97058758871725,177.17383804896932,9.891910097034367,438.8094192284147,154.1900702090232,271.30422256113536,324.5980369790156,498.7514584315341,152.2236391952164,267.5014889143524,211.46407429025047,297.30277360002293,62.71575325192354,260.97574583121695,455.9950793872147,247.0986805907589,39.32614073390662,121.61755834902675,380.4295937352829,24.633347388054883,194.81070711909715,321.8628525038377,423.74518125237745,16.314002071817065,164.82643528809797,66.59811893938154,4.630864068192028,175.71578139339974,340.4766254428888,452.405930814648,13.29778450179112,240.8805322046568,354.81458194778395,161.8442674017582,31.479814441833618,267.03713806176387,185.1785200106576,237.13843088136824,54.931427674055726,154.72657894482953,199.54009212264197,216.89980492774924,201.90750459505568,166.41480552429962,127.17742767290912,410.77145400062835,483.8168400048898
92.45423682804758,122.62600929441338,171.7407717571716,288.2417369781759,310.0674143510009,368.29696913439096,500.5113860272431,286.78099396411255,100.08056721922736,195.80662729563605,236.37132214751804,388.21633163004714,156.50811362492345,189.651323133167,0.0,69.40001590353894,212.52948582561385,249.50077856541103,204.49164593358608,194.63477308203684,229.83117836462787,268.0084759717187,162.8033941531721,205.09550366308432,233.78576528092944,208.10672771975746,102.86431058454737,239.44113607953506,327.31777487045565,161.01834785769407,346.7527384960543,430.72302267959844,198.54144575200337,393.38745066350526,154.82979893327533,180.81447029297223,195.2751861965581,214.88000473268812,456.13518075382177,347.1381735033463,438.11543277297983,187.15537163570025,242.3440395500741,282.6157040789622,200.55173775836275,218.98388062176227,100.1588211900305,250.7507556355669,343.01299898221885,381.93282013281566,115.8427941800133,357.4065831756465,55.17138429548515,190.74794233470934,232.74802902031144,192.41059390432872,466.27528339505807,127.35173143536616,274.698399004386,280.4860648317764,324.2585545246788,80.15944194550981,213.13003123264122,111.03675893299338,165.34678622817268,235.99948928901523,351.3139105399147,371.9422631422027,319.32264910205606,228.9692078761335,124.29843469810481,206.94435741669878,192.31705554197393,330.94913054675015,164.2461790857548,338.91440132591686,192.8156802579011,125.54392342214148,252.30247823287215,185.60810691176917,130.29458563231339,152.67354158317823,281.96294053542783,199.07260870798893,88.47201096406165,189.4753721628752,40.94308370921411,158.24876453242862,112.10456115741286,99.47368286080945,57.05043504966828,244.2716226928688,37.460308489959445,91.75673863877044,153.2930563775552,195.5968850613925,151.37905974290558,286.38471603449716,335.10490153658776,405.8903469440732
153.47945839971314,128.24264208336726,102.37983695177374,252.85899207163553,307.03184165639726,409.52753235110134,502.4426136132427,308.0831187461412,141.93881365451446,131.90871550740806,305.69740611676957,429.5297951973117,105.90037637544346,125.63449316613784,69.40001590353894,0.0,151.7447837077246,275.93695694341994,143.4412078677,132.93935119322828,161.72334072711516,323.66173577419863,133.87914845346845,142.40552595555232,170.7807149204095,142.98872687106854,163.0822948497204,191.2856705706867,374.1151931407077,196.92135753779067,305.2511600294303,425.1295306717797,224.9402331858257,374.3668072733344,98.58343007580143,116.78550401132574,132.52282142140209,202.1902281017683,476.7096125393091,314.44797018105265,467.381155216565,120.84969971361663,177.49063357157436,317.4573795196192,138.9215271232715,222.77208104970188,87.7458526594382,268.9711473827783,314.34810885264994,343.58681260132477,184.50152328619237,367.61052518861896,53.5418445124408,127.95743531647493,214.76452977250716,126.84688264781188,469.18264867051704,125.05206401700401,279.7515010079355,303.9974128916433,392.66738000608586,85.2152041848391,193.98827549580287,105.32723837862557,185.16923782165145,179.05674997418404,328.0906479997488,412.9775044911269,301.32221861044314,164.38399838672677,104.59200791231243,274.65851643217275,133.1500495990008,290.49928069053516,201.277350868941,379.5103947857881,131.78377545832845,85.8366072985237,191.10809565011942,122.05982682400175,138.5334916661251,215.48714948265254,349.4015086464171,136.57515152077784,145.15975280274375,254.80247863627048,36.21099986011771,95.32991776006227,171.50371954737244,81.08918458656913,111.5846813691053,180.5123321521409,31.947707060030456,124.9046643807414,174.66733361641846,154.46936477895153,106.62844871570564,236.2009947849081,372.2997901224093,445.4101708343734
269.33707604777095,173.01427568202098,93.48463123333993,146.12784422917755,264.03330940796076,450.86147380518565,448.6340406459296,317.5830989484442,293.281271191766,25.317440199496502,441.440579366585,469.4872519406586,63.84887326052778,30.37665086716504,212.52948582561385,151.7447837077246,0.0,302.06940477466736,8.326482404690504,19.035414962449163,59.07823008811711,406.6507770381706,238.32108869989472,13.49607358380905,24.26937557477023,27.267602687193484,275.8177681620037,67.52146724911859,431.49663089798463,260.08691787261426,177.08623154926028,361.1337423179754,262.7700295125802,286.54416965242666,167.59018973532645,37.721971082202536,21.15820362387488,167.80327072803112,465.5643499860221,203.91637643521952,476.56146669365654,43.767401130936996,38.73550020625673,354.36205581498757,162.89546942048412,216.17072606947582,142.71840651638186,279.5852281200865,212.6862938927528,218.53329384457206,326.33646925810916,344.2532204514658,203.6060987744499,25.24368940604684,162.75276077765687,36.258862491853364,419.81706307969074,159.226869092247,260.0682224160299,318.8821171040876,513.5258476510118,165.9405540813606,297.59888392872665,241.20846480902725,326.9264682115852,32.506420788827604,236.6173763451785,453.5738510489783,225.79393394388154,28.115553925737526,128.33262889520958,395.9395080052281,21.03071233635799,166.01984779306719,350.33557225731954,422.01997092345096,19.97357739249055,195.15975073463872,39.7823504113255,32.04508049641304,180.58286349946158,364.6700594771724,466.4337683776445,17.096597688041353,255.88136720658466,368.82149031699936,187.7389274616815,56.56823130322265,281.2990303346303,214.85250685122173,262.45697766578064,35.77602825321766,179.19993114147417,211.2979190748439,220.19889559286796,231.2869169767282,196.6629504382099,97.15634847842301,407.8081509896201,479.96408899601204
184.77105329322563,150.4650339273639,341.0688678904483,238.16647907993345,131.0782599529851,148.87448255617534,273.19420815691694,41.29816254874517,334.34306291724283,307.8080851902007,305.28090233971864,167.42056042238536,249.17572315198024,305.21928738744435,249.50077856541103,275.93695694341994,302.06940477466736,0.0,299.26379604285785,297.3114855369955,356.2160009355079,151.85257115934493,405.60123774280873,306.89803721727054,324.3367163809873,320.87072206836257,177.62358747039102,264.44579081396654,137.43464991519267,90.83756077141848,295.5655803206773,228.1899044952682,51.458507143519626,241.2681744719008,372.23961550390027,300.90017486216544,302.2221271418604,143.47709120385454,206.99047486807697,260.5485231332443,191.4586823451168,315.76177749603465,340.0746183388761,53.31529694208892,404.3495833854255,90.95203369039727,194.0317790334605,32.76420637078138,242.52972177691143,306.3994829027142,266.5089102887708,125.18825882218076,300.23684441895335,300.18332576543384,160.3634058297563,314.50340221289275,239.16453113134892,158.59267065974765,86.61837713720735,32.24810443308406,311.0395037312556,190.73061102435474,460.86932565285764,359.8028746962416,408.4828934270578,297.3208305637192,227.35793468856866,151.52992306328477,189.30776142099785,330.1603823959921,190.07237745465426,231.80329868368548,286.1533180797142,281.2952585470437,392.53586235814146,120.52870320184743,293.7131612878718,360.3962751263607,325.9422831414892,301.0599543841266,139.9446334740901,324.5185421569476,265.4723333673464,302.95999937370925,176.49187516308513,199.16991892391326,277.32050545335557,286.4806303494977,170.9989263324219,344.2583421961323,290.2838370233209,334.808094428455,262.3069734598113,158.18848906444043,101.26973692931738,430.29727237863597,382.5094120462283,295.517206304693,105.76512216917388,178.60720990831493
262.3427421464016,167.79232007873813,87.00397659911195,150.50123224231027,264.92277356400024,447.91685823598095,451.0111830580918,315.7646010245321,284.9567681758814,18.700597933244943,433.96414272465466,466.6649938379225,57.622407096275104,22.984225481494853,204.49164593358608,143.4412078677,8.326482404690504,299.26379604285785,0.0,10.748744787713454,58.89724853266375,401.51809757713613,230.9344969138253,8.935159392632649,30.707749771676706,24.51444523703427,268.96509350458547,72.07023186083089,427.67906876980334,255.16671692060848,183.5732897736766,363.87011760227347,259.07011751867145,290.53183233179146,160.54142636269765,29.761202137806016,13.547646496005417,166.91572770474954,465.5026372046217,209.11907619141172,475.4007576285821,37.23145827663792,43.75099873187787,351.29279271200045,157.45985666871886,214.34745383985938,136.31351528091466,277.442985929564,217.26042976002338,224.93839433204616,318.50176436363915,344.4458271033021,195.27967306982433,17.27015668158467,162.9948628215397,30.061213264878624,421.8483416660826,154.17944248493862,259.4899083181683,316.7793870662487,506.80263459778354,159.1777089197268,290.485673276703,233.08881398895696,318.7670244413887,39.81941408023851,240.59268609593596,450.67511928233165,228.5477801416196,31.685375528387567,122.80291594817827,389.05277603682185,14.440419840531076,172.13280422114772,342.0300802132995,418.9272303539363,11.725759699619514,187.39486760184147,47.918755990321294,24.12899504160508,175.6329961628133,356.53628848436836,459.8380169794542,9.863292921759877,249.01147652193603,362.19725501831834,179.45220736183975,48.242675831173024,274.580270509753,206.71778589856865,254.21696037395577,42.12528839776181,171.00112822368013,204.97428035605586,215.68887679910594,224.7168272769602,189.3785004278623,104.19503479781521,405.0289174696924,477.45161447441063
254.30471053160815,162.63819907300717,78.22219393989792,157.69502096078472,267.81494686693,445.6680296489827,455.58364113950597,315.119464814986,274.33748354169467,12.022530708249121,425.0763497384398,464.5732822968309,51.661329986491495,13.920216350678517,194.63477308203684,132.93935119322828,19.035414962449163,297.3114855369955,10.748744787713454,0.0,59.0043890023598,396.23241492685725,220.89808307677717,11.350207996945771,39.397698406792266,23.566819712690236,261.15162365663696,79.83812091112472,424.2421982412148,250.29935783635517,192.9086098680478,368.9187845480229,255.9354982986182,297.09557431566714,150.90889392381314,19.36415208492933,5.536023370286689,167.7780828873912,467.0366918045185,217.10785069274456,475.5122587724595,29.03661586353392,50.56161781100264,348.93341265392553,149.7672290257696,213.84774230642861,129.41021811314167,276.41098907345935,224.55553085528626,234.16428431009552,309.00800805190977,346.3787954352163,184.621833458845,7.202201978466792,165.30905612777582,22.814151253555956,426.01432380848223,149.32766061679172,260.534702538265,315.7551914538707,499.1123647345157,151.63208606995707,280.7222590423066,222.39301092425032,308.04784755599127,50.14813046024765,247.18965391840322,448.48721347823454,233.7487470834036,37.50691172540462,117.34301062264919,381.1336233313712,11.959106715756143,181.10866466955085,331.300264168107,416.4917744495526,3.6026506186107397,176.99190165705,58.20591998089934,13.901545195154439,170.86320902436896,346.45252056366456,452.3546037480488,5.849584150590336,241.18387356839744,354.6989582437191,169.00506060840058,37.64169306177557,266.97675031837315,196.0139012875959,243.8952554936135,50.41752969886531,160.7976080408001,198.05929210429557,211.47406529217733,215.58289679521778,179.46586983924476,114.1271604496426,403.02719450078314,475.7727606644648
300.8683772815651,218.6909529022374,68.99158624951653,201.220181739364,323.1115186293713,504.42329243328635,506.78797117831243,374.03980087468545,295.04242342794043,48.49617055158624,465.5070914332775,523.3959633632332,108.44372364981783,51.79563599033213,229.83117836462787,161.72334072711516,59.07823008811711,356.2160009355079,58.89724853266375,59.0043890023598,0.0,451.14099714469006,212.68555621593808,50.34900200328923,47.3099286529696,35.4649149373137,308.67437957939416,123.63280702178872,482.0821204586204,306.4001406063793,222.7808730030357,418.85276136670655,314.20910642265784,341.84065261801703,140.5216661159567,57.980827214677,53.997935038892436,225.78913107394902,524.3333448741681,255.7308003697563,534.1206903456381,45.582748889517696,36.90974017610368,407.65914399456193,120.70509339615172,272.70495020750155,182.0117999207102,335.40092727720213,266.6389235258709,264.0542289052876,345.6533093912563,403.1650611927406,206.49591662042303,56.16010236093601,221.66021285571685,43.65772384126856,478.35476652697145,205.96401182142546,318.38665164725455,374.74677059212223,545.9586478102707,201.73330641369472,267.00519641561027,230.05884349319308,315.1316511693697,82.87503571448474,292.12306752232166,507.2706514075529,283.6635664282668,35.03950932636788,173.3344882133869,427.35079227908307,70.52661790570701,214.1526358028541,345.72508375856694,475.1556656045683,62.60665855878396,177.38585073112353,66.3553355307823,56.2815551770846,227.48026935294257,376.38224925782464,500.2615433114179,53.50233764404327,288.8434498298349,402.9363828989111,196.99703749360515,78.52273023009127,315.34596972209965,205.114359294089,271.8652085361294,45.83137070570318,193.05907826723518,249.59360640759598,268.69527644662116,196.21898556840915,171.1247351014179,141.89222797547143,461.89430494457326,534.725185109288
175.81595163337946,233.72678431128395,415.2412996392688,379.15948129334816,282.70711367785697,136.1761932929324,393.8070102178976,180.09196694909636,314.3036860438517,404.2100316831623,190.8357875445268,151.91895577786016,344.5711293966993,399.87165838503347,268.0084759717187,323.66173577419863,406.6507770381706,151.85257115934493,401.51809757713613,396.23241492685725,451.14099714469006,0.0,428.31434765609544,407.2723622166928,430.78392628236105,418.34088853946344,165.31197504310518,387.28367904792975,82.1772750293987,146.82875199136404,440.24278935998365,368.8442626918377,157.6582141200136,392.5531726505924,420.1358194048698,393.1709173217484,400.0231462323504,276.60797679733673,286.249380245838,409.34446825958617,238.26964969404472,406.13953876318544,445.1759302689188,119.37826636902554,462.5793448152613,229.07201522066774,269.37679898965894,184.04555047176956,392.3893952877527,455.1952255634898,215.85235808604295,258.24912439950623,322.68954530327136,396.74115343739186,297.59937687179433,407.48942173479855,362.86382846939733,247.4239083337847,238.41201045364858,169.09862753186331,163.6706185468563,252.17200873931765,470.87502745253863,371.0301374920441,388.22936158632035,411.665757524009,378.8011088737958,139.8059036385186,340.3645667364157,433.08349403487347,278.89547746384585,123.31234316642015,387.14789795014224,424.99976031622003,355.8231350622473,117.5930201611192,392.89737600366806,393.5518640736161,438.68269675106353,395.26917478847275,226.11482580767444,262.0518117753603,122.94385068576186,402.06709078565694,180.1998947404897,105.27625200513455,307.45693689650477,373.38620071115986,155.97397118299688,365.6214464880973,281.0361911323835,442.17955459465884,297.63926624052993,204.1890399242305,188.13274653434925,463.32378000985153,419.32539386051684,426.13728249019493,130.61496640630648,173.24899012159955
252.89904541492206,261.3533966322768,147.2663270679405,369.83327599020856,440.0612691826964,530.8058716020025,635.7141709928779,439.76370373755327,140.23142668424632,213.07932103327693,353.1031844959564,550.762611199131,220.2977111358653,208.00899538056882,162.8033941531721,133.87914845346845,238.32108869989472,405.60123774280873,230.9344969138253,220.89808307677717,212.68555621593808,428.31434765609544,0.0,225.20205524142506,246.80382303436485,216.59900271045407,263.4238068747164,297.34631530986053,490.0730027505489,320.94360547418785,412.93746276116224,556.8989625168189,354.1560537957737,500.644065984702,72.35721427396074,201.56635696494092,217.39880127129268,334.1027306434128,609.1295871788591,431.63475548481574,596.604069248749,195.04233846457007,244.91829486414824,443.1027124436378,104.38550928501202,356.6489777892397,221.6249558895459,401.26260003155267,435.0806831947816,453.7458698682569,237.31595380209743,501.42038377947307,107.87076752688687,213.82879256579866,344.61933613794946,202.74658987413778,602.6564901996458,258.8729765173468,413.62863884738437,434.9471031187506,457.05841396872154,216.84571158229883,61.95660174703962,60.339955037111345,116.78959441707082,270.723970316689,452.5179375709361,534.425362737811,429.32528453619756,235.52052179159608,237.4882738595834,348.8144254762933,227.5798512800261,400.1864716253457,160.66557798087578,501.2675523195495,221.8464274099749,49.24399418129333,269.8104554361939,207.0088783739668,271.4263366203155,234.77245424025804,421.8303414410876,221.30074842423628,250.85035291712597,339.83688874218376,128.7071761248138,190.1265679671634,272.85007578184496,63.332284869795814,152.93280618026174,251.9814573608626,143.3166677664319,248.70710594128042,305.01699583861813,42.49471903234579,41.973045974495605,335.02521868682794,496.6073686434313,568.1427853777211
265.6101032812783,173.60736484413073,80.00942829019372,158.91479802424018,273.8140359597158,455.4349486639841,459.9217854869987,323.9047975328991,283.3049591550082,12.171998238857405,436.14419177913715,474.2547975466449,62.75212511967496,17.873201238376502,205.09550366308432,142.40552595555232,13.49607358380905,306.89803721727054,8.935159392632649,11.350207996945771,50.34900200328923,407.2723622166928,225.20205524142506,0.0,28.691918576512798,15.592343364911734,272.48237956035626,80.36395142918043,434.60100836471327,261.1985801960191,190.58172614022234,372.7402405426742,266.1336996409965,299.10838085785946,154.26734651161593,26.139342928277742,9.897410263573535,175.4577139352208,474.2226661889605,217.13441685933142,483.789698829922,30.35916139865513,39.218690285821566,358.75172096843994,149.5396021301163,222.51703463392215,140.7318707393614,285.4410219284349,225.60091928624794,232.02929312354314,319.75026642943095,353.22705270547266,193.4625287151186,14.46812189973556,171.8094994370788,22.7906085410811,430.77887117529247,160.19491375373886,268.0955902307791,324.7862486307309,510.448809263614,162.9813634046804,284.2889705838793,229.33727552539986,315.17390088419876,45.902175765499365,249.16904740118645,458.22094584958074,237.40942877298104,26.170894330005837,128.38078996966294,392.44963807932857,20.805555681204563,179.4923687251624,339.5367498946072,426.3570590926951,14.428642296390661,182.49272194880425,48.99619583891756,20.55945022107141,181.7112188292276,356.5996005518416,463.7022201246624,6.047282376158063,252.51417787397466,366.04668123012857,178.57199678806927,47.22008339604208,278.32149496715186,203.05013953703195,253.68686844976116,39.39411702469358,170.8420178847027,209.3890427199537,222.13147238319237,217.8097799710003,183.47442103477536,110.57315658146511,412.6537525529758,485.21849540595247
293.0479274805735,197.2074890404897,99.60541628201113,154.1718924209325,280.2487327081622,473.2063004623752,460.9422660467504,338.5297948312329,311.1963144793218,38.96269509941351,464.40812102989344,491.6777390751249,88.01618904463294,45.231366186346776,233.78576528092944,170.7807149204095,24.26937557477023,324.3367163809873,30.707749771676706,39.397698406792266,47.3099286529696,430.78392628236105,246.80382303436485,28.691918576512798,0.0,30.601152075868807,299.6687854645177,77.44638573680282,454.7621055727659,284.15054201693243,176.58629024330537,372.6565082209102,286.0007317408672,294.69010765389265,174.80536926262067,54.026134688312204,38.54451948315881,187.70055185473623,483.3628648115627,208.46331534670466,496.33761673619864,53.60562304188684,15.932793395115906,376.89631915792967,163.28115033764726,237.29443832340075,166.85051333071513,301.0347468120632,219.35895414661687,218.03308576829514,348.36592405188117,361.70562067630243,221.3120619466804,43.09856093259819,180.73778318548142,46.18107332592944,433.04759721842254,183.37083909426462,279.1280560881882,340.23088660904637,537.4871059114146,189.86247082957945,304.3295646772798,254.96688643416476,340.8953332750681,35.97407589057525,245.04721883490362,475.8630075830074,237.76463207914708,12.720000251616067,152.5924739970424,419.75979425828774,44.90615799083819,167.34766246399462,366.6382906760621,444.54790626823603,41.703941842441616,206.24492683066052,23.01314341504498,48.72588830093802,204.68225866434693,385.2463937973453,490.48254655299957,34.71424942413468,279.7164872862172,392.85045630877994,206.97976929050805,75.82459656462163,305.25995584886897,228.8727108584299,282.1942638291717,11.513600043989037,199.4744916438356,235.47114642629677,244.06196175658263,235.68798115531754,204.83850130095453,95.46299870338049,429.973167684868,501.75772704076655
272.86089468608867,185.07232063653763,69.70940366592112,173.37376077209373,289.39986080184957,469.1939460385588,475.3639131064319,338.5863439290821,282.13342656964477,14.166087801199978,441.35850075261794,488.1163947456881,74.15428572815877,19.301563435079373,208.10672771975746,142.98872687106854,27.267602687193484,320.87072206836257,24.51444523703427,23.566819712690236,35.4649149373137,418.34088853946344,216.59900271045407,15.592343364911734,30.601152075868807,0.0,280.1250708225573,94.77223654369799,447.46807366388,272.8220397685619,202.54326893520994,388.07132708544026,279.2989873546189,313.81175356192546,144.83924109930584,27.679971190264574,18.761212129792543,190.69708526225347,489.645430980446,230.8221592149953,498.79141445309386,23.24467288989182,34.50230890735689,372.4495624004168,136.60488220289193,237.26905762311162,150.2431371169547,299.9364537621574,239.87690187864527,244.06449495410797,323.53832139576747,368.7194852798013,192.30677789056483,21.613999817703597,187.34096791674824,16.26345954139833,446.2965265824446,171.99561397167966,283.39380715359596,339.28248807254363,518.0523776825281,171.42429715646713,274.6607589906397,224.50056539656458,310.4251753655621,57.714577229193885,263.8848578788411,472.02050730032363,252.7278743908841,21.5416244433013,139.6790319252687,399.72983038710635,35.08371126276403,192.079376867039,336.7487356433902,439.9916731811556,27.16868910091242,175.65683533942646,53.51009607256139,23.864031230753017,193.54393382346515,358.29730175130305,471.6931386573177,18.043266255258054,260.17538202193344,374.0948475811658,179.15805033785327,50.41472205036834,286.31554444021174,198.46775944368653,254.56976746813837,38.273643692161535,172.72899072330532,218.61206386927515,234.4266360520842,206.87699221707604,174.66496307773878,121.79765835331018,426.5798280838456,499.3390064250283
10.527460693873843,119.35276746676462,261.4308756049672,303.40240918982545,274.5896032140975,273.44410191639696,447.8779429011981,218.6486551635699,161.9210524665634,266.2459132025809,173.04423766993563,292.9800888196713,212.27672221223796,260.8285911515927,102.86431058454737,163.0822948497204,275.8177681620037,177.62358747039102,268.96509350458547,261.15162365663696,308.67437957939416,165.31197504310518,263.4238068747164,272.48237956035626,299.6687854645177,280.1250708225573,0.0,279.43972231861824,228.61648262233362,89.39143700023162,367.02079264786823,391.1421180687225,133.96598043298272,375.45943352702,256.57995837593995,252.78681920617714,263.61515251899453,206.6426430080839,381.0802159046342,353.24063957912625,353.65503160959196,263.23665788713384,311.6963169826569,197.10313724712782,300.7869991363305,185.43723818963687,134.01414804683736,190.60226261080936,343.1350342836436,394.9273192163661,91.34445700166968,299.5957042559329,157.3790380200524,259.56333392891577,229.02951476482346,266.48514343725736,413.4426033735825,132.6467216896089,231.01289895814017,209.83298575822582,237.9881227170774,109.91013801519016,308.65404123935633,207.30958354310053,237.59079658061881,290.55161011771855,342.47459301518364,277.19873267158965,305.1462324495848,298.48941538586473,153.38619596406392,120.13111771396622,254.8439615996795,350.5660166129025,216.29741986236942,245.20816815420875,258.36850924256515,228.35996444925902,313.3605191551755,256.2638970710394,118.8494113569181,149.70784715799041,191.65217595947837,266.614984903191,19.968745667501512,94.27973527728896,142.92360565142502,230.65666471902597,9.437766453805827,200.4766088645849,121.69157772965352,311.0797958754759,134.5192270873859,68.87402677368982,109.85875830131529,298.01225905095964,254.2408781866249,325.3400965691587,244.86334871649038,311.939185073408
275.17156191013476,162.93705368521657,157.98383189443607,78.60658308135389,204.81287581546061,412.1299109026148,383.50644988158257,272.6405515138753,331.29103557423963,90.56619872764315,451.5720814371601,429.69541256364715,85.49000575885319,93.75125723669058,239.44113607953506,191.2856705706867,67.52146724911859,264.44579081396654,72.07023186083089,79.83812091112472,123.63280702178872,387.28367904792975,297.34631530986053,80.36395142918043,77.44638573680282,94.77223654369799,279.43972231861824,0.0,399.8122995834759,242.01762477351832,116.04468682821621,295.31428985518033,233.42391043687692,219.0947793384331,229.24461121630029,97.98900386853634,84.64466502950884,121.63763628603091,409.2604147339971,137.2697712040966,425.9671452832723,108.76628816675563,92.07287831153506,317.75679462238105,229.4278872258276,173.96490696112363,148.66088445565757,237.629346558303,145.23697164409313,156.45645045198603,345.2577862806905,287.4607814215621,244.80761469812379,86.96471348296546,109.6052073071744,101.96807759179556,355.6449448682913,148.68325746886137,208.47030317821338,275.8418495144333,511.27184042492456,174.01748586505266,358.2007527463566,291.311154286349,375.12876354516,41.66938441616819,169.19059249987725,414.4793004798645,160.32287058042817,88.78978553308669,126.58926496436001,397.37913783675333,70.76767965389445,102.84790413374485,392.29918285344445,384.68990450324446,77.86315465693367,251.20573063744985,67.79411574924873,93.209749980581,167.1312549090524,390.832017788656,462.9542627351213,81.67582363440201,260.41936644645796,367.1175489995824,224.5179526301101,107.28710751658632,282.9222554871876,265.02912976324274,294.54605303601534,83.83503666994355,212.37240955563442,210.77280419748703,199.92234385169584,294.7907214161814,256.7081781674801,47.20107847207434,368.3060800181501,437.8925606347534
238.94023090687003,264.8599334358999,456.2949272994007,375.3053088486112,254.57368904046476,54.13498005507449,328.8735958483092,147.02353706882369,386.4573180757584,433.7468502132357,272.20283394695,69.96274748087589,373.63848374410253,430.3113709588675,327.31777487045565,374.1151931407077,431.49663089798463,137.43464991519267,427.67906876980334,424.2421982412148,482.0821204586204,82.1772750293987,490.0730027505489,434.60100836471327,454.7621055727659,447.46807366388,228.61648262233362,399.8122995834759,0.0,179.59882158308707,431.3303224034436,318.37358048976245,168.76138158155769,358.8092121614989,472.60212074171034,424.7978801584074,428.7188470218172,280.13755119649056,210.6935826895524,393.5281513929325,158.2453318718012,438.9721531912743,470.12318288025807,85.83895359057773,511.4365993098537,227.91409466901155,306.0627829342755,168.479574760597,374.2663543948058,438.92577857017704,292.51298139972226,208.23334987219667,382.4393204945631,426.084484180282,297.7165761236834,438.94610192360636,300.58351503168905,276.6478421637089,216.87671602927793,138.29098065314506,229.4853471025954,294.19698278558684,537.2088721797606,435.53940878965767,461.64239252772563,430.38466293467116,355.26820310890145,57.70614312964759,319.4027719545035,459.2228949306007,309.5164765768587,205.47142305435762,413.84218667305123,417.543863117877,432.3792574903931,41.65182964578115,420.7100365587797,451.12124420111434,458.7073639951255,425.88203969065097,255.36921624964472,341.7602653027298,196.5495048133609,430.0523947716204,239.35824215157638,185.65745621894695,364.070561426542,407.47861401897944,219.26058307570415,426.7467104574775,349.4964147190111,465.6941610501389,352.0348653943858,249.41286572163963,213.6885091413161,522.0055593676502,476.0035218491872,432.5989608345461,61.280939681428094,91.19011687960892
95.3438123244166,87.75799670600121,276.8252886815037,244.16911652865036,188.6705954191369,212.60822214799583,358.5359343908254,130.89019608972254,243.50565849865689,258.7768242131561,241.21298096537646,232.6087674746847,198.72827149428417,254.7479440573159,161.01834785769407,196.92135753779067,260.08691787261426,90.83756077141848,255.16671692060848,250.29935783635517,306.4001406063793,146.82875199136404,320.94360547418785,261.1985801960191,284.15054201693243,272.8220397685619,89.39143700023162,242.01762477351832,179.59882158308707,0.0,307.6625764202735,302.80376654385134,44.578166995695454,293.8921599865735,295.39322274127625,248.50315772057007,254.30224598885766,140.62973529950193,297.4918758731168,285.07090435695494,277.0982788247577,262.0821002576473,298.7091604518359,122.16113857678128,332.5214865136181,105.10189713833627,126.91251522757726,101.21611898094255,271.7570213441767,329.4721357604013,180.44134533724977,210.35907225547038,213.78907152536905,251.21402153615662,163.29231399560737,262.8072067470239,324.0849926809608,101.01026794010791,143.6293828047559,122.92666550056218,275.87268857374926,114.79515436128689,373.90729147024933,272.01318888884543,317.738895603623,264.9432777179412,266.1098640459646,216.05622409001768,227.41927315278716,286.81185817323984,133.15947921473293,172.84098569960432,240.86316615379513,291.5795967902413,302.04153844891204,182.5896417556854,246.89945571118426,278.0494348274629,291.86076305159986,250.19333439781906,79.53427920327164,238.8640620413581,227.29113721023847,256.1477424178752,85.94932176630343,139.19873532105737,192.2985132005718,229.84273511517378,84.21330951526265,258.37942434171265,199.52317750577515,295.51048624572275,178.39495172725077,72.65999737716811,42.138068274015964,348.91058058463295,301.71083592821475,282.95319745472517,176.04145530838883,248.66353667719906
365.1129536598558,248.12602776307398,270.5172967911258,63.95101661234073,187.2478327472324,429.00025619879966,318.2633889486924,286.95271331238723,442.5908660468758,202.1631137781172,539.3822521923823,443.374661100098,199.65039878394307,206.43975429627073,346.7527384960543,305.2511600294303,177.08623154926028,295.5655803206773,183.5732897736766,192.9086098680478,222.7808730030357,440.24278935998365,412.93746276116224,190.58172614022234,176.58629024330537,202.54326893520994,367.02079264786823,116.04468682821621,431.3303224034436,307.6625764202735,0.0,230.29496382477097,283.38677510060097,140.25623967991072,343.7811082939277,211.97155294875103,197.00693959660896,167.0573246809539,380.69245329534226,49.52250633508427,413.6602339299248,220.72576124895383,186.07698352307762,345.4928369060679,339.0552171538605,211.18362337131938,248.9520520039882,263.349611361805,70.2336604019891,41.526205476001465,443.86315316314716,266.46472189342404,358.4575562901836,200.0985906909295,144.56472585998984,213.31944525641092,297.4627943426684,235.75434460170592,215.55916561001135,294.16635374026686,583.4611120927486,273.1211239343414,473.38783529094235,406.93952267525066,490.07534106118584,144.94420294261178,100.17941904230624,430.452115145481,120.56397902623323,189.3047279632675,224.69561219487966,477.36071888850176,185.42530499301245,16.455339090596237,504.89959776884183,406.0722833711028,191.57310200324164,367.18281469662463,156.49284481487558,206.75866574522584,248.19498753161048,494.03413061527596,534.9190312127492,193.43042586029912,350.00900161046656,444.658585096447,336.906811981715,223.17117224160526,368.3061893985121,380.745936453899,403.3393398064074,177.0290004961224,323.5898807808637,299.3810032870509,267.86595232344484,408.2854893813186,371.9443140514352,81.13106906938604,386.20687972144304,446.12917947595594
395.5331689999108,308.2361315898171,441.60676642686,220.07965016016936,120.67073925222844,288.62926376807377,89.22059665471792,191.1429976416919,528.6343505232088,380.81457730138,533.3838911135181,294.408087581516,344.01515028552996,382.16162492810236,430.72302267959844,425.1295306717797,361.1337423179754,228.1899044952682,363.87011760227347,368.9187845480229,418.85276136670655,368.8442626918377,556.8989625168189,372.7402405426742,372.6565082209102,388.07132708544026,391.1421180687225,295.31428985518033,318.37358048976245,302.80376654385134,230.29496382477097,0.0,258.8854466932299,91.07649317611082,501.16196699851645,383.32037518217635,374.36416084782434,222.997608765404,173.6880391796813,181.39470085262815,225.8012032188873,397.10005902104183,386.76562311557984,249.48817576082175,514.7817392555146,212.4783345911274,339.69005589921676,204.29645168434382,162.74234922414465,207.1436797070431,482.47046155585014,111.12737165522142,468.1395130614748,375.23822816900497,212.92570343782415,391.67183289680884,67.77280180922175,305.36765039901155,160.4120449141426,202.3322463596492,532.4319141656038,352.61148800392203,618.3049371877047,527.8708199646487,595.7922428373686,336.70098706106194,132.81802007367065,288.12958414905796,135.34527928012298,384.0998290373033,320.5671142375974,459.9886973698035,357.53331986744087,227.6204353735818,591.7923487953509,279.3203117783476,365.9885050456887,507.66729941587,359.79525419100213,380.050360023028,300.455100740914,540.7480714538389,489.43864811341,372.4349050128709,383.4398030243313,427.2233379075986,443.09447699529176,382.2132862943021,386.7857385286389,505.61011665139057,483.27187137313376,378.12505215856265,426.83802965064496,345.8850257021305,285.58462158199535,567.54231720728,522.3626958134657,290.59820296342735,257.88878829593887,287.0341532167876
139.73925774674458,101.43134475446332,293.8849680125581,221.6621003032941,147.0852905277551,191.4990842033353,314.02862813349475,88.61864209493567,285.73874363239054,265.74381856731304,280.0311262378495,210.99960548344518,205.93724403723874,262.582004852046,198.54144575200337,224.9402331858257,262.7700295125802,51.458507143519626,259.07011751867145,255.9354982986182,314.20910642265784,157.6582141200136,354.1560537957737,266.1336996409965,286.0007317408672,279.2989873546189,133.96598043298272,233.42391043687692,168.76138158155769,44.578166995695454,283.38677510060097,258.8854466932299,0.0,254.81571871471502,321.8180625627621,257.50522106717995,260.5380258485973,118.99416624296953,257.5963511363413,255.44800488440092,242.69382205928864,272.0161678685865,301.3734156124414,95.29240762799616,355.1778460366151,72.76907975656023,144.85754114620573,56.67509260201695,240.171974140765,300.89429109334515,224.9878106780197,165.98913198613388,248.84126553546344,258.07403871793235,139.98394098590367,271.48217460302044,279.56311592424794,111.12089229362358,101.11317422864225,81.94555173232933,303.4808913978986,139.83255149244465,409.4657513737993,308.5444676446971,359.1003702942137,262.11570404398896,231.0712931327181,194.57300468143478,192.01442057869153,290.5539231035256,143.62360498754083,209.04983773586716,245.34286521044277,267.8959995274647,345.34203267312193,161.74070741618138,252.37935053948613,309.09491140429196,290.27193180981766,258.23678175417945,91.08977631001699,283.40938863017664,255.61137176096298,261.71695690375793,129.67992434720813,175.23309124582562,225.86513417591044,241.44484349535315,128.7087032252925,292.8130561251792,241.12483552300515,296.94045301018406,210.85429350413818,106.96664173599099,50.58494098321785,379.1551476988863,331.4122054160646,269.8254634374388,150.6655857130573,224.4723466420396
377.5199587310656,273.08310403047835,373.4433603905573,140.68169026884587,110.32429056759501,340.7398862289515,178.06383343383726,214.636155608585,493.43428194767404,308.54144148616626,534.5267761812563,350.7543554109151,281.2360025669928,310.86730659958755,393.38745066350526,374.3668072733344,286.54416965242666,241.2681744719008,290.53183233179146,297.09557431566714,341.84065261801703,392.5531726505924,500.644065984702,299.10838085785946,294.69010765389265,313.81175356192546,375.45943352702,219.0947793384331,358.8092121614989,293.8921599865735,140.25623967991072,91.07649317611082,254.81571871471502,0.0,439.04223267642533,313.4716044689533,302.29818425058625,178.582241037836,255.0841898007393,92.51158071475476,298.87087589510895,326.04071483323804,307.660326476034,278.3557838255077,446.3491793741715,190.26984409011192,295.3098219555897,210.3780465345423,76.36207939306432,116.19948100244957,464.4092865415329,158.78947659855396,422.4803976319025,303.9053932000577,161.24048041782447,319.81615333916864,158.82630403801102,266.3026982488518,156.29417627814985,225.0074303471967,552.0208357330644,313.2282785780923,562.6000592220026,479.55643846802735,554.4844264536182,258.9712893118189,49.93978747595834,341.1439499217156,74.09000334581245,306.80187504037536,272.96221367006234,463.85272084057306,286.5150339086473,139.21013131635482,557.5848634054951,324.6152521102145,294.56446346058556,451.7577293380396,279.31531558972114,309.4678940074224,267.7119569572545,521.0349885181406,505.76661054452927,299.7855064974712,363.64941860210763,430.0458550640842,397.9333554440108,316.3423838279839,373.1838472634929,455.35064249219823,449.20640234642013,298.7177932572622,382.1823811551405,318.8074380125261,265.601933571298,505.83718618788015,463.14627686111925,206.46752588127242,302.9505936687605,347.92533058297926
246.4095846378718,222.2974444502323,75.20429930530312,304.2441486216239,388.06423573428174,507.9908024236771,583.2347537554192,402.3716693132846,176.93325726518938,142.27290628078123,378.06156636332656,527.9832659531938,158.11914951082238,137.56211990758084,154.82979893327533,98.58343007580143,167.59018973532645,372.23961550390027,160.54142636269765,150.90889392381314,140.5216661159567,420.1358194048698,72.35721427396074,154.26734651161593,174.80536926262067,144.83924109930584,256.57995837593995,229.24461121630029,472.60212074171034,295.39322274127625,343.7811082939277,501.16196699851645,321.8180625627621,439.04223267642533,0.0,131.81387554144578,147.00959942579792,281.05506490291145,569.1275805764363,365.43677964228283,563.2748479043137,123.92527421210968,172.5804374829643,415.32747270191686,48.301281182854225,311.12390760760195,179.20702625740535,362.67899781283285,370.50852212031714,384.9510399214257,256.2006465496735,455.82191663208766,105.63389368818305,143.73639315752604,288.36293995725725,131.57600754844887,551.13949208087,216.37841654789977,366.8819974990766,399.11261119910216,474.60402910685747,182.2220187204123,130.02307419297395,98.694261090621,178.95264865746563,200.09557129692328,389.96828490586415,511.4227781337149,369.8622713574949,163.34757265996512,189.43594918365895,359.5499201524872,158.6230041016257,331.6789853394773,215.73183938082906,477.9529603165903,152.21245364792537,43.50300593347952,197.78248933987598,137.03473497773467,232.82327145478922,269.3514988546063,434.5185886134107,150.75949337783808,240.14786892663622,344.04823976082275,113.97381520288577,123.4480318025362,265.53114919957653,79.28369868244006,170.62170216380636,179.7160505871343,122.50781919090745,223.48780301196587,271.2600900955152,66.80857135093257,30.60308240129716,264.7018375343001,470.37084024640495,543.6684412818676
245.40898842252463,160.85081975443006,60.261271823980515,174.997201146443,279.3776483293013,448.40564776848373,469.2627046395664,320.94402786683423,257.2958614458024,15.134751337955283,413.69152248505566,467.57062185114916,51.74476235190896,8.878753389880202,180.81447029297223,116.78550401132574,37.721971082202536,300.90017486216544,29.761202137806016,19.36415208492933,57.980827214677,393.1709173217484,201.56635696494092,26.139342928277742,54.026134688312204,27.679971190264574,252.78681920617714,97.98900386853634,424.7978801584074,248.50315772057007,211.97155294875103,383.32037518217635,257.50522106717995,313.4716044689533,131.81387554144578,0.0,16.66735479931317,176.75748839608556,476.18691718734334,235.0867303658541,482.3344007623886,15.151159353267222,61.53775158969028,351.6452492260872,132.87759087447554,220.31201224707212,124.17537991870304,281.6901210845774,241.8325417107522,253.1445229059393,296.0705248813418,356.32307677275224,167.42815792832695,12.498508047085213,176.48665649814637,14.323465691345838,439.1514544913269,148.31858615484492,269.3073336099389,320.92625194116806,490.6392780930061,144.56367877787446,261.5076981951901,203.5291889888708,289.2948513614526,69.4777398792103,263.66693533727926,451.3317478352982,248.56157958784905,48.155002896630066,115.56759407805534,372.2488756867497,27.317070469829456,199.9429015194429,313.39770264946776,418.9327146049548,20.398786467381576,157.6637572956988,75.11104791600377,5.685341591231716,169.78556425215623,331.59788414774556,444.41226672130415,20.839341746678954,232.8550396406265,346.8605928496016,152.9932535929528,22.756310762309305,259.100610229567,177.1932024025283,228.2733065417419,63.807596567402406,145.84899754465624,192.11634032155152,211.19408446788066,196.87286137587947,160.18765270183167,133.46675256285104,406.2799493942362,479.4985993191515
256.6151999379533,166.57878224789175,73.71393031526033,162.72184257448365,273.34892172463344,450.4853038412858,461.07293908727763,320.3020483606557,273.5050211840638,6.4927491829617505,426.6661974722352,469.4290257813166,55.574961389820274,9.448683794382637,195.2751861965581,132.52282142140209,21.15820362387488,302.2221271418604,13.547646496005417,5.536023370286689,53.997935038892436,400.0231462323504,217.39880127129268,9.897410263573535,38.54451948315881,18.761212129792543,263.61515251899453,84.64466502950884,428.7188470218172,254.30224598885766,197.00693959660896,374.36416084782434,260.5380258485973,302.29818425058625,147.00959942579792,16.66735479931317,0.0,173.199660073549,472.4986739992938,221.8874008967371,480.80762658772863,24.129704226212418,48.255802453572635,353.73309373996614,144.81125900386704,219.07335645421253,132.5498917940143,281.52643544192136,229.5661298010591,238.33770295857508,310.0299140568756,351.87351748665327,183.68185183707098,4.570826482159537,170.83180053669713,17.518373184701563,431.52804973409195,153.40357515219108,265.9611484753798,320.8661070715657,501.60300823823025,154.35427426189503,276.9425674543151,220.18884324921572,305.96144563243513,53.332462809957754,252.38065009444819,453.3199140517388,239.1703869347457,34.91692802913563,121.21441694083343,383.4880772922711,17.466315240360405,185.42725741642917,329.92591819020305,421.26280312860996,8.932664428734341,174.0142368537114,58.76108933702223,10.986756814210317,174.95058535888626,346.7159907843592,454.9856183585393,4.178788348753443,243.6473419406757,357.3389835363075,168.68353542200904,37.32348669073731,269.57709497509813,193.8575301847678,243.78990582003757,49.07038362939249,160.95335238247193,201.11567852241024,215.74134498866758,211.31850160165448,175.8319988646021,117.74164554724267,407.9109861204662,480.72740471314125
206.6341875934021,95.17209350447631,229.02773783549557,103.82613722413156,107.00917322184411,290.5276146593896,302.4338880329788,151.5984791239047,314.88560300685936,179.47370414379736,376.05730918879794,308.05834603828424,129.10329684875188,178.57756323582294,214.88000473268812,202.1902281017683,167.80327072803112,143.47709120385454,166.91572770474954,167.7780828873912,225.78913107394902,276.60797679733673,334.1027306434128,175.4577139352208,187.70055185473623,190.69708526225347,206.6426430080839,121.63763628603091,280.13755119649056,140.62973529950193,167.0573246809539,222.997608765404,118.99416624296953,178.582241037836,281.05506490291145,176.75748839608556,173.199660073549,0.0,299.49263050389095,146.95298855058434,308.79559823692233,191.8202558510541,203.63113671049098,196.74081663040184,300.4359057121234,52.56140329897762,118.19990911650628,115.99223727829691,136.56226806536802,189.9999630773012,291.1767369654261,179.73844927884429,246.75800966780773,172.37737076201094,22.858288328020674,188.4478142391813,270.10380976634184,87.72496917202024,92.76404046705613,154.33434505098697,416.405244862731,134.74637644243418,395.3693179627291,305.68148739386726,377.24746721347196,157.20734804049016,138.66400725479048,292.8561704768133,104.61974680244604,195.52301893224805,97.75497038878105,311.515075953336,155.8639049131798,151.03727832244252,379.02426861338057,263.2854007773002,164.27108373422172,284.9129904573491,185.81738873939727,175.1912909634851,91.029679469925,346.07781277684535,367.8620924021529,172.81361388858252,191.8963706100826,278.4196963851168,221.8370857909366,169.14163672859047,206.42247414624356,282.8878823058279,270.63075462821627,197.22416662667635,205.7509995452324,143.59649732728565,101.59991839037382,346.6066476652648,300.5210650550043,152.5714972034091,246.684076410195,316.4504461980305
389.1946208790299,348.4840159566797,526.349542548055,348.9419086856646,205.03182242100726,161.7691988320566,136.17573554686285,169.71185271120007,540.6314297571174,478.8264833708114,475.324650865229,157.0919805703904,427.3339488523279,478.05724886876766,456.13518075382177,476.7096125393091,465.5643499860221,206.99047486807697,465.5026372046217,467.0366918045185,524.3333448741681,286.249380245838,609.1295871788591,474.2226661889605,483.3628648115627,489.645430980446,381.0802159046342,409.2604147339971,210.6935826895524,297.4918758731168,380.69245329534226,173.6880391796813,257.5963511363413,255.0841898007393,569.1275805764363,476.18691718734334,472.4986739992938,299.49263050389095,0.0,331.8419710066288,63.11370839750508,491.2767989307344,499.0570931432138,186.86459869914248,595.4307230267704,259.2069892138444,390.43589213902385,207.8795862170332,310.62814145647957,367.5701944344782,465.592012413898,121.80519967726165,505.6872394018886,471.809071460088,302.8609076358649,487.9326020304557,120.56359039243027,352.9708743150814,206.89779154567964,175.65088015627697,440.0389576837745,392.32931646469746,666.0308034952005,565.8167417122038,615.1991168155811,449.7046163711611,281.47014131722665,159.35880328503805,263.13862485406355,492.5205431189148,380.15876035117094,403.6675335303917,455.08803130159583,373.18309613136853,597.3442082257712,170.0833328467119,463.5663148079787,562.3866000652421,477.0248906334293,474.68353257795377,338.1770646316329,521.8051997658989,406.5322489283913,471.9246145332033,382.27224987760263,376.80267326853937,482.090024487121,467.2882314289935,373.47880785693354,549.0923905683494,496.9858248796591,491.67397934202984,466.57301872463887,364.4813861937612,304.66239327113055,630.6840614006778,582.894834651703,421.1632705079794,155.68711965373424,141.16700659961924
352.72296828825296,237.6057974483861,295.2158111481019,61.99579194924187,143.17495471464323,387.31966913792434,269.8583044427431,247.1961681027992,445.84330991826954,227.72922175663462,522.9430285296734,400.79109848439134,212.2961891027785,231.02061550736096,347.1381735033463,314.44797018105265,203.91637643521952,260.5485231332443,209.11907619141172,217.10785069274456,255.7308003697563,409.34446825958617,431.63475548481574,217.13441685933142,208.46331534670466,230.8221592149953,353.24063957912625,137.2697712040966,393.5281513929325,285.07090435695494,49.52250633508427,181.39470085262815,255.44800488440092,92.51158071475476,365.43677964228283,235.0867303658541,221.8874008967371,146.95298855058434,331.8419710066288,0.0,366.47424534636974,246.01613159101638,220.17504881522132,308.0664354721451,366.57889870488435,182.77967609206635,247.09638099578473,227.8248152414734,21.397055770221375,45.894140770858634,435.50065736614584,219.41297156985976,366.2201199950009,224.2294347756741,124.30037965896244,239.1318634953717,248.2745032465448,226.9875245921016,176.66130200949988,255.31880687931366,558.6492425445354,269.36818622022395,493.14743340890476,418.9111042980523,499.24490257102394,173.80441566810183,50.7170209094209,388.5393479556197,75.68513831354204,220.98596761285646,222.8489134322817,457.4813475079092,207.7800001426723,46.69915171707106,509.4076845177273,365.814079200384,215.09416630558133,384.0777559945399,191.02878801881056,230.42241899703862,235.58897670479905,488.5486422448317,510.4910525447385,218.8289202092852,337.8035182280438,424.06888797247757,343.09980424064634,242.1915053377505,353.2876572772618,393.32862834709937,404.18793042349347,211.09470142454248,328.5446676301915,288.2446233385859,248.03301510537992,431.5069707564161,391.9290778838692,116.10095474314242,345.33200140939186,402.32537191498926
362.7016331654503,341.0230054747563,527.9208141875864,374.0654212452824,228.8359437640103,105.59782582580046,198.72017327667217,162.33385248272398,515.4414484979441,486.8920241250782,429.0879324835569,97.27059457036076,431.5907383476088,485.321083971098,438.11543277297983,467.381155216565,476.56146669365654,191.4586823451168,475.4007576285821,475.5122587724595,534.1206903456381,238.26964969404472,596.604069248749,483.789698829922,496.33761673619864,498.79141445309386,353.65503160959196,425.9671452832723,158.2453318718012,277.0982788247577,413.6602339299248,225.8012032188873,242.69382205928864,298.87087589510895,563.2748479043137,482.3344007623886,480.80762658772863,308.79559823692233,63.11370839750508,366.47424534636974,0.0,497.47386781268546,512.2512927133585,156.83318669121059,593.8208418771064,262.0245101648275,384.37476188199787,202.27179310724176,345.0841972291016,405.88414870116594,432.65432269674386,147.198607297297,490.3804333196759,479.530647482599,316.64449966733923,495.04062692898236,180.32179147662245,347.8956392422547,217.62535082867683,164.39505496136485,384.9668430415456,382.1674855970772,650.8358957119101,549.0855645069358,590.9655286605282,464.6146492484705,317.7141646467467,102.60536985987784,293.30653442504126,504.3186128902164,377.8611439449029,359.73431268246713,463.73875916755964,404.19767760785385,568.7638205616392,120.83788678219746,471.94404326717074,551.7885470044577,492.83687578662557,481.56215722801534,330.4875149053063,486.73757309050774,354.55247795735204,480.7810197394496,357.93819973536523,335.68849873186593,468.03098342075424,470.7377648980933,345.2756307608456,534.7421336311793,473.5396939708482,505.577239250147,453.30247524587327,348.184493380327,292.71862336876103,621.7559074396337,573.966256488144,444.1782881339092,112.13625128488556,79.43819678736354
255.53730398950253,174.60952532992158,49.7951411472777,186.73140167093175,294.0844097507254,463.0806531801197,483.36376598924903,336.0437414081536,259.1514987808645,18.565321306252322,421.7108179503399,482.2908036887956,66.59682714728652,15.1751754210144,187.15537163570025,120.84969971361663,43.767401130936996,315.76177749603465,37.23145827663792,29.03661586353392,45.582748889517696,406.13953876318544,195.04233846457007,30.35916139865513,53.60562304188684,23.24467288989182,263.23665788713384,108.76628816675563,438.9721531912743,262.0821002576473,220.72576124895383,397.10005902104183,272.0161678685865,326.04071483323804,123.92527421210968,15.151159353267222,24.129704226212418,191.8202558510541,491.2767989307344,246.01613159101638,497.47386781268546,0.0,57.16717564309592,366.34110205511644,120.73670082320206,235.4536441241927,136.80491079646714,296.75527267829233,253.59104944702855,262.1242094807249,302.8934335005022,371.32375735542655,169.39138618893568,22.135686166309462,191.23039815150184,7.71121136656648,453.44786153364174,162.34959860934256,284.40825289376556,335.974624124453,500.72311042994556,156.1737652337751,253.94831941171478,201.36239978515903,287.29085559817446,76.25040589787704,276.15047111063444,466.02656415042026,262.1092188292148,44.64545970479823,129.50833974951186,382.166062392824,39.687268694589356,209.36389675588615,313.5192021339387,433.55597689117,31.478697209512536,153.0707283990877,76.26993365174336,17.118982907658687,183.73763014913095,336.33253280582045,454.8657393029943,27.376463918429696,243.3778922116536,357.47409283109397,156.8994449404402,32.97220086263699,269.83597970767045,175.28585444462036,232.3130401280054,61.49164869247855,151.17882595279704,204.0920764099021,225.29520721772238,187.57074467450897,153.24469048970528,140.91727180997418,421.05796353259115,494.3411522682031
304.7921598473497,211.46755090188594,98.02641173801935,167.53524789692395,295.70439020089435,488.93363400670864,475.25860700188304,354.448397135761,316.31273182955044,46.664648183539114,474.78139631842583,507.44309790882113,101.30683291007824,52.73161628306341,242.3440395500741,177.49063357157436,38.73550020625673,340.0746183388761,43.75099873187787,50.56161781100264,36.90974017610368,445.1759302689188,244.91829486414824,39.218690285821566,15.932793395115906,34.50230890735689,311.6963169826569,92.07287831153506,470.12318288025807,298.7091604518359,186.07698352307762,386.76562311557984,301.3734156124414,307.660326476034,172.5804374829643,61.53775158969028,48.255802453572635,203.63113671049098,499.0570931432138,220.17504881522132,512.2512927133585,57.16717564309592,0.0,392.5654909994492,156.8000331785014,253.19550985923377,179.76942638135168,316.9108365243368,231.92227632035522,227.27378688335406,357.5830527049711,377.3623922043787,226.55761507995916,52.52073318905391,196.5360511268532,50.685419809273256,447.6656746125586,197.77722155068005,295.00524469989045,356.1199480998436,549.6663251985852,202.187376364972,301.0227318404115,256.86139829065036,342.6700985731739,50.40633084371364,258.22455180398265,491.60449887076277,252.16854639996492,13.439245028577417,166.5449604674597,431.64542715899944,58.18711886878898,177.81659502441988,370.2422175712893,460.2226805151449,53.46304183052205,206.43255710033864,29.588921208429092,56.91851765223939,219.18314657463876,392.7820756220652,502.9139885646365,45.091590596422066,291.7278390719982,405.2582341998577,213.65654772357894,84.20725725537692,317.5383677370685,231.09571657486663,289.0705250661682,9.103533618690804,207.163056710542,248.44569179195787,258.92394423450867,231.15524329082658,203.00092999876352,105.41419958190708,445.7416239029236,517.5982387240217
205.98996531193717,196.63752091128728,389.17550597404545,289.7503283992255,171.0994599593645,96.77740376961033,278.1478911496745,63.75866946747956,358.7045213007241,359.1732377612725,295.577318440317,115.97149998374489,299.919148162625,356.33268636856087,282.6157040789622,317.4573795196192,354.36205581498757,53.31529694208892,351.29279271200045,348.93341265392553,407.65914399456193,119.37826636902554,443.1027124436378,358.75172096843994,376.89631915792967,372.4495624004168,197.10313724712782,317.75679462238105,85.83895359057773,122.16113857678128,345.4928369060679,249.48817576082175,95.29240762799616,278.3557838255077,415.32747270191686,351.6452492260872,353.73309373996614,196.74081663040184,186.86459869914248,308.0664354721451,156.83318669121059,366.34110205511644,392.5654909994492,0.0,449.95612081571187,144.1881978639684,239.92084792720306,82.90376988517411,289.06656113686887,353.6105672008991,279.02518984554615,138.91243072451684,335.88606725077307,351.51951091938525,213.2099298820841,365.449209570978,246.0072738292333,206.3705110272129,131.45327036910177,53.81791379677229,283.0315744721969,233.15036132216346,495.7270634964156,393.63767925056163,434.17269483145935,350.385676948628,271.09535269142356,99.68707674796194,234.49383685388798,382.4033995477426,238.73369036882184,222.11397673620357,337.96085361090206,331.718650132662,412.9102810370411,67.65967847911018,345.34553477217554,399.8834439465784,378.9745562270846,352.0827299316996,186.34832745893476,334.9594623879518,240.98697369539477,354.6391195311821,201.11936596702844,192.7279282342603,314.4401126128985,336.26623638530316,188.91070285514004,380.50945035367994,316.7112823822954,387.48066685464624,300.38484950077964,194.58499193782086,145.27873460361005,470.5967334608847,423.1732520833553,348.5426554756278,55.412469861765615,129.21729890064753
290.83334212075357,253.98306350300464,73.23801743065489,307.4547136024163,406.5316039825976,544.3193353332889,599.4991669799153,431.73781960881263,224.28980917852152,138.86911955148284,426.3034788670926,564.2151933066716,172.01333787629682,135.86468360739613,200.55173775836275,138.9215271232715,162.89546942048412,404.3495833854255,157.45985666871886,149.7672290257696,120.70509339615172,462.5793448152613,104.38550928501202,149.5396021301163,163.28115033764726,136.60488220289193,300.7869991363305,229.4278872258276,511.4365993098537,332.5214865136181,339.0552171538605,514.7817392555146,355.1778460366151,446.3491793741715,48.301281182854225,132.87759087447554,144.81125900386704,300.4359057121234,595.4307230267704,366.57889870488435,593.8208418771064,120.73670082320206,156.8000331785014,449.95612081571187,0.0,336.22427056967086,210.41420054685716,391.7757792165755,374.31899976992435,380.58133051069433,304.3268657389158,478.92658288647914,153.40032628728795,142.7710158390072,304.34896061834604,127.46511812909712,568.5030380095636,246.05849993484145,390.121890602255,429.47113026318254,522.222185818298,217.8233191862825,149.9771582902872,144.14189909863452,219.31096520643456,194.31877879616817,396.5379610338066,547.6450959009028,380.7223526265991,150.7256181379375,216.1561599666192,406.5570804087316,159.92331265627456,328.6731500674559,259.42736741491984,514.2385297655973,152.06319182927604,90.4265215488182,185.14881960557366,136.96826675344678,264.4685592232168,317.3363711290928,481.59903311684,147.76618055628964,283.5451146578308,390.0214673127546,159.63573950505992,132.75399973158974,309.5073595253691,126.87632265350351,218.89807391955577,165.19662988303742,166.29090272409596,262.1736235594116,304.7517974245808,77.63556894975468,70.05354501686956,258.0931770083288,505.31874769688795,579.0193217543224
188.01625359694282,97.68537142368731,267.591546116398,150.52755212241576,92.10271641242211,238.1937672695562,282.2788794531774,101.42716196497791,316.20134309019653,225.07536442543562,346.25199850921075,255.92674900280832,169.77333284600252,223.35701049591827,218.98388062176227,222.77208104970188,216.17072606947582,90.95203369039727,214.34745383985938,213.84774230642861,272.70495020750155,229.07201522066774,356.6489777892397,222.51703463392215,237.29443832340075,237.26905762311162,185.43723818963687,173.96490696112363,227.91409466901155,105.10189713833627,211.18362337131938,212.4783345911274,72.76907975656023,190.26984409011192,311.12390760760195,220.31201224707212,219.07335645421253,52.56140329897762,259.2069892138444,182.77967609206635,262.0245101648275,235.4536441241927,253.19550985923377,144.1881978639684,336.22427056967086,0.0,135.02886106435173,63.996191273412585,167.9770975468977,228.14725655242526,275.31781415715403,145.09643143315725,259.98149214404077,217.65384077683086,70.15721927088738,233.04868111404716,248.33611569675824,97.89544045695267,57.086460274206644,102.98068250993548,375.9077921939013,143.08341439330974,416.23593806210766,320.615784798052,384.3255123315581,208.33548109653663,161.0242814816596,240.5809953814936,122.32391342024349,244.21933092147393,121.68885666025977,277.6460618575485,202.18623855918324,195.93992138833232,379.31706873407404,210.77168521327582,210.26153467701957,308.3375186510858,237.01465629135126,219.56078233120562,88.95641567129094,332.73456584313516,327.8350243643726,219.22722400983847,174.63357131971404,243.8749672395739,235.08640805013596,209.28007194258768,182.93909100955014,300.3422513546127,270.8153303769418,247.29001002669028,218.83827054251202,133.67419016159945,75.80262131158213,374.35066829009025,326.95483216572575,204.69633217041155,194.41345688543402,264.90169461800156
128.41590915198688,43.57856581014196,150.34998489512145,188.87909839873666,220.42281647553074,335.2070174083883,415.3214284394611,223.1662419279596,199.69506445954988,136.08680277224454,303.8828853897285,354.960847321379,78.87263384603052,131.31211708358182,100.1588211900305,87.7458526594382,142.71840651638186,194.0317790334605,136.31351528091466,129.41021811314167,182.0117999207102,269.37679898965894,221.6249558895459,140.7318707393614,166.85051333071513,150.2431371169547,134.01414804683736,148.66088445565757,306.0627829342755,126.91251522757726,248.9520520039882,339.69005589921676,144.85754114620573,295.3098219555897,179.20702625740535,124.17537991870304,132.5498917940143,118.19990911650628,390.43589213902385,247.09638099578473,384.37476188199787,136.80491079646714,179.76942638135168,239.92084792720306,210.41420054685716,135.02886106435173,0.0,183.4868971328931,242.88273037418188,282.7982443584002,197.07534175681675,279.940423139681,128.67066005461498,128.87604396998825,134.07748022985467,138.44492518859312,381.8685480139406,37.55416492234419,192.00970719825412,220.05082788946746,371.03614804825105,25.360141775654093,281.46419636799544,188.1869767516538,259.3034521943485,156.57992763704812,251.9128489738175,338.4288745803643,221.28433866634134,166.90203155733113,24.38694421271574,253.99454332388248,121.96266685732672,232.85511826144466,263.72784471660736,305.1904827456655,126.35252474435852,173.36729779232678,179.5258163750414,126.68208092946155,54.087824530953704,245.22276232244852,323.7711277096692,135.1051121721086,114.27077557359343,226.21006316711038,103.69137531152937,104.00953636218262,138.96003229287962,166.42306501914481,157.17071863878982,178.34710728693133,87.5614455081158,68.67706981935491,94.66901367361203,240.35669552303892,192.6648557052883,195.643402750152,295.3323630393807,369.12606165499665
196.4061158587633,140.8814475686196,325.70614914350017,206.86775166175659,100.07078388287906,174.59327117484995,257.35465615992507,39.97079105071168,340.99506755959146,287.3778746076818,330.2245861653744,192.07180618207713,230.37626370367204,285.2968129010001,250.7507556355669,268.9711473827783,279.5852281200865,32.76420637078138,277.442985929564,276.41098907345935,335.40092727720213,184.04555047176956,401.26260003155267,285.4410219284349,301.0347468120632,299.9364537621574,190.60226261080936,237.629346558303,168.479574760597,101.21611898094255,263.349611361805,204.29645168434382,56.67509260201695,210.3780465345423,362.67899781283285,281.6901210845774,281.52643544192136,115.99223727829691,207.8795862170332,227.8248152414734,202.27179310724176,296.75527267829233,316.9108365243368,82.90376988517411,391.7757792165755,63.996191273412585,183.4868971328931,0.0,209.76552170491198,273.6638176473248,281.48630386791103,109.4409049790187,298.5318675723153,279.85474324604405,130.94308540869977,294.842879728848,222.88803047950404,146.387223889615,54.52199380421992,39.34732688289735,341.6667433848195,184.44973515069267,458.4914440385633,359.0017929438428,413.52726544094446,272.33112387602773,194.83028330274672,176.88317531317182,156.63685134856365,307.68200448975176,175.6678907854104,257.49991373996926,264.91332134270704,249.27822195777443,401.3179480339299,147.80928001286878,272.81116565020267,354.5578610796362,301.0105049198492,281.3350826239609,130.48540961922566,339.8940789495238,295.4380634068308,281.90599984564597,186.14191530769835,224.18332487722697,274.61508802888505,269.01597608302774,185.17166977503757,341.5339598836007,296.03061966930903,311.13478334172794,258.9445361394342,159.19459936611395,97.64508631684802,423.1952501699226,375.3585036683768,266.36905151323475,130.7177071103344,200.91783660591224
343.1925565957692,229.780675573375,302.09091479904544,66.86676002488227,122.51922883761837,366.936947791662,251.68560163792438,227.57683127179436,442.46504420327693,235.63252963107126,511.2096156143236,380.17059193194683,214.8446435040284,238.4543512524716,343.01299898221885,314.34810885264994,212.6862938927528,242.52972177691143,217.26042976002338,224.55553085528626,266.6389235258709,392.3893952877527,435.0806831947816,225.60091928624794,219.35895414661687,239.87690187864527,343.1350342836436,145.23697164409313,374.2663543948058,271.7570213441767,70.2336604019891,162.74234922414465,240.171974140765,76.36207939306432,370.50852212031714,241.8325417107522,229.5661298010591,136.56226806536802,310.62814145647957,21.397055770221375,345.0841972291016,253.59104944702855,231.92227632035522,289.06656113686887,374.31899976992435,167.9770975468977,242.88273037418188,209.76552170491198,0.0,64.74225232114671,427.27397797814734,198.04238812094624,365.1560026927296,231.5524276462093,114.59206430330671,247.01055541863445,229.00594355932478,220.05462763656064,157.63210069143642,235.97663167347844,543.6522733283032,264.09091226313967,496.86685475176085,419.4232476397963,498.2409300931352,183.93990187550796,30.313245044467212,368.0951423692171,55.24886377756679,231.64995857035805,218.96925563015824,444.55283115830366,214.569665115286,65.10769223861996,506.35683622367947,345.8433612252202,222.27713544251472,386.9255851660358,203.30617364304334,237.46402008929084,226.89332193082907,481.34002804840173,495.7126169887233,226.77249513731965,328.43079335777225,410.9544614730737,341.4960493227122,247.06950347109262,342.67426086160145,394.22570768115105,399.9564377800811,222.92381213275647,326.50450328779436,279.65541543878254,236.13909790357513,437.0036691081447,396.1202344421893,130.10783810132307,325.20644948022107,381.4236096300668
393.85280157429787,277.5613065702727,311.91934967712683,93.9502799162368,186.94560170259334,431.4555747623707,292.43877570911235,292.3081463108593,479.1193525733482,243.55896142775651,565.8329372128502,444.4428037403891,238.6120309236657,247.75881378626318,381.93282013281566,343.58681260132477,218.53329384457206,306.3994829027142,224.93839433204616,234.16428431009552,264.0542289052876,455.1952255634898,453.7458698682569,232.02929312354314,218.03308576829514,244.06449495410797,394.9273192163661,156.45645045198603,438.92577857017704,329.4721357604013,41.526205476001465,207.1436797070431,300.89429109334515,116.19948100244957,384.9510399214257,253.1445229059393,238.33770295857508,189.9999630773012,367.5701944344782,45.894140770858634,405.88414870116594,262.1242094807249,227.27378688335406,353.6105672008991,380.58133051069433,228.14725655242526,282.7982443584002,273.6638176473248,64.74225232114671,0.0,475.02565344038464,259.71251303982206,396.4546201387136,241.3616857538129,167.15195075840603,254.74628942254992,274.9155731910898,266.09028629995856,222.15846885127635,300.64807320223366,603.8087869845928,306.1906265066409,514.3980715877037,446.27812671021644,528.7086833125907,186.44673053335836,88.46507041432838,432.5619786573144,119.9470950642689,230.74792266906448,258.4120668108424,501.3938015528116,226.43143169561768,53.66310284968974,541.980904899542,410.5612095199355,232.74928478175136,407.61972898979633,197.71468650206154,247.98446052885222,276.43051818674246,526.7621100834757,555.5532127324873,234.8001076877054,378.82364168532297,468.14758698548167,374.3213666912223,263.742770884687,395.4459348341929,420.209679488942,438.83614553769564,218.25422270807817,360.52468954508123,328.6744277706869,291.556251711529,449.651237851426,412.9172456312108,122.61018914484046,389.87964469088,445.2043477121394
87.39163526109265,197.89500555415933,286.0477051273055,381.6323713921972,365.4705718693523,342.9251032411285,538.4367308009364,307.79000208964976,103.81018490758271,310.93687690610193,122.5002820945906,361.2811443853693,267.00763857224723,304.8526102133032,115.8427941800133,184.50152328619237,326.33646925810916,266.5089102887708,318.50176436363915,309.00800805190977,345.6533093912563,215.85235808604295,237.31595380209743,319.75026642943095,348.36592405188117,323.53832139576747,91.34445700166968,345.2577862806905,292.51298139972226,180.44134533724977,443.86315316314716,482.47046155585014,224.9878106780197,464.4092865415329,256.2006465496735,296.0705248813418,310.0299140568756,291.1767369654261,465.592012413898,435.50065736614584,432.65432269674386,302.8934335005022,357.5830527049711,279.02518984554615,304.3268657389158,275.31781415715403,197.07534175681675,281.48630386791103,427.27397797814734,475.02565344038464,0.0,390.00507500976425,151.24324201376928,305.55245924422763,312.70637943075593,307.99921771469445,504.06927794527513,208.94033827076277,322.2669750540116,298.43346079493125,220.3490982533156,171.93975741190525,267.0453008703848,176.99241358837725,173.9094954104368,347.52950978306814,429.16228756307254,346.7328139179223,392.7995091133648,344.16496422477115,220.5118215620532,113.41632978246051,305.68379850987753,427.51956057365794,140.0800744685562,317.2801505149346,306.951394952765,217.63639339175268,365.9205358826836,300.69489990447624,200.38484450582715,58.42275030946594,184.70890428833016,313.7047382658361,100.79198496848262,112.9405028621827,151.26475704475388,273.3759245459714,96.31527484633246,182.31549361457323,86.38862698446262,359.10010821452124,152.74387033282846,147.636382569524,199.5239532953733,278.0507429992236,243.1757327242279,392.407205142159,321.07081803132195,381.7041792762964
305.68423637311525,240.67895401455073,408.3856592404787,229.0005535454909,83.79018161835788,183.34541015527213,148.45499259219338,84.75853904584301,449.81442686004635,358.25640238658576,428.4954015248356,192.2840238471192,308.65066709721077,357.76213707108883,357.4065831756465,367.61052518861896,344.2532204514658,125.18825882218076,344.4458271033021,346.3787954352163,403.1650611927406,258.24912439950623,501.42038377947307,353.22705270547266,361.70562067630243,368.7194852798013,299.5957042559329,287.4607814215621,208.23334987219667,210.35907225547038,266.46472189342404,111.12737165522142,165.98913198613388,158.78947659855396,455.82191663208766,356.32307677275224,351.87351748665327,179.73844927884429,121.80519967726165,219.41297156985976,147.198607297297,371.32375735542655,377.3623922043787,138.91243072451684,478.92658288647914,145.09643143315725,279.940423139681,109.4409049790187,198.04238812094624,259.71251303982206,390.00507500976425,0.0,402.46979259537324,351.37965383368675,181.509215265995,367.65333200241747,114.18482272658512,242.56070714970372,88.99566044109925,95.5299116382298,421.91928096469337,286.00346672350423,560.5124517450408,463.2378820220271,521.5612993738567,327.91917545663046,171.2711015882941,183.4484018002964,146.2050659150124,371.01367513604157,266.53635274906827,354.6805383989781,334.4196890638248,257.16741667482,510.58632112649195,170.42776924697165,342.9521702291382,453.3075777913806,355.2206773497753,354.5432209782433,231.0219745435578,448.3114262580101,379.6796842858508,351.13421253809497,295.5793259567213,322.87064209226264,377.9019123529288,348.71345953488793,293.7913017676195,444.05815977031267,404.6531683563979,369.92468252524156,361.81804878040026,266.76513556233067,204.4641955184273,519.4104955462591,472.0483915094346,300.5501786634241,148.7164192036759,189.1637673802056
146.883232771392,162.37520666253175,140.75957749070793,304.98491466115377,348.3429396896612,422.9439271017579,542.1260139551268,335.97549504766187,89.88470290840239,182.37227035793825,273.60674369213956,442.89669133633043,159.37699503286328,176.1227431343261,55.17138429548515,53.5418445124408,203.6060987744499,300.23684441895335,195.27967306982433,184.621833458845,206.49591662042303,322.68954530327136,107.87076752688687,193.4625287151186,221.3120619466804,192.30677789056483,157.3790380200524,244.80761469812379,382.4393204945631,213.78907152536905,358.4575562901836,468.1395130614748,248.84126553546344,422.4803976319025,105.63389368818305,167.42815792832695,183.68185183707098,246.75800966780773,505.6872394018886,366.2201199950009,490.3804333196759,169.39138618893568,226.55761507995916,335.88606725077307,153.40032628728795,259.98149214404077,128.67066005461498,298.5318675723153,365.1560026927296,396.4546201387136,151.24324201376928,402.46979259537324,0.0,179.16311993994657,261.54906261748965,176.04431138912753,508.28976953709406,163.1257622603217,316.87187715525675,330.42928876395524,368.970761971245,116.91133706160163,160.6334078133232,60.77086684340618,133.10200853761992,231.895345864483,377.39934802832005,426.56717697415286,348.7669803377281,213.8483975553466,149.68960554533763,254.25360777428523,185.74636128575116,343.56045397881064,147.80134943067756,393.4314580588165,183.76343542330972,71.46922266641758,242.44139123627608,172.91828634972518,171.63571642769548,171.50330451451606,329.11647062201575,187.81526059804267,143.60730359259642,240.18438669082101,25.048832406584292,147.04971502995974,166.72027321545966,44.69862849913538,67.77237166593478,230.42928069326874,41.329556065005455,142.23931876410603,201.08623012048028,140.6465881365695,97.63556481694124,289.7122351067847,389.02855444044405,460.33537522575426
252.50100600288562,163.4619452227354,71.05151129783667,164.6864081276335,273.29398966985514,448.28904402174567,461.7138855934929,318.7650845521949,268.97611055352877,7.669825017311771,422.30723928225564,467.28884903225185,52.58990754797415,6.97058758871725,190.74794233470934,127.95743531647493,25.24368940604684,300.18332576543384,17.27015668158467,7.202201978466792,56.16010236093601,396.74115343739186,213.82879256579866,14.46812189973556,43.09856093259819,21.613999817703597,259.56333392891577,86.96471348296546,426.084484180282,251.21402153615662,200.0985906909295,375.23822816900497,258.07403871793235,303.9053932000577,143.73639315752604,12.498508047085213,4.570826482159537,172.37737076201094,471.809071460088,224.2294347756741,479.530647482599,22.135686166309462,52.52073318905391,351.51951091938525,142.7710158390072,217.65384077683086,128.87604396998825,279.85474324604405,231.5524276462093,241.3616857538129,305.55245924422763,351.37965383368675,179.16311993994657,0.0,170.61144774110957,16.540438939236076,431.9890099318992,150.4133791369764,265.13286453584095,319.179441832697,497.54920296702494,150.44330308829458,273.5772917547812,215.97079979656803,301.7069976648762,57.039841684686294,254.01680433333357,451.14621644666806,240.15516917491357,39.12731817430616,118.0668261718789,379.38228656056003,17.70727299526183,188.31085227200404,325.4837737783786,419.0021608630469,9.344494907528441,170.12939883814425,63.289878011213894,6.861809459585016,171.96075363629157,342.1541018107437,450.99558422681093,8.652601000322724,239.59786041184185,353.3579226022702,164.1156168768113,32.75403696399089,265.58513280080916,189.62110739974045,239.21908231719817,53.55945581398326,156.3888561617405,197.36783148282828,212.9116801247632,208.38076269536867,172.35421388583492,121.20727776302196,405.8182133363685,478.74336847469675
228.77131149811981,115.57123504061764,231.81015242120213,81.79785981165887,102.90311281999668,305.16473015625894,295.46020620854375,163.85581446535403,332.81858532431437,177.2694788456813,398.8327105264429,322.1041464631222,132.38787955023656,177.17383804896932,232.74802902031144,214.76452977250716,162.75276077765687,160.3634058297563,162.9948628215397,165.30905612777582,221.66021285571685,297.59937687179433,344.61933613794946,171.8094994370788,180.73778318548142,187.34096791674824,229.02951476482346,109.6052073071744,297.7165761236834,163.29231399560737,144.56472585998984,212.92570343782415,139.98394098590367,161.24048041782447,288.36293995725725,176.48665649814637,170.83180053669713,22.858288328020674,302.8609076358649,124.30037965896244,316.64449966733923,191.23039815150184,196.5360511268532,213.2099298820841,304.34896061834604,70.15721927088738,134.07748022985467,130.94308540869977,114.59206430330671,167.15195075840603,312.70637943075593,181.509215265995,261.54906261748965,170.61144774110957,0.0,187.04867619720883,264.1645681805432,106.7715175761775,99.02153502020265,167.85703760010978,438.94576657769045,152.70511190829166,406.29887277901304,319.4116718398461,393.26446744588804,148.06224698472272,118.80645512130442,307.3114226881293,87.27649194672006,189.67390213022426,111.87191003014314,334.37021707796464,153.36805508292557,128.66358455652028,396.9803166740856,278.74518000920847,161.94890746749655,295.38315832423234,176.1962102930145,174.2242017867856,112.32240651213772,367.0805119552796,390.4318523344591,169.89997822911442,213.94650977368167,301.25998992192604,236.87377555191838,171.75237179106003,228.98865305169213,295.83578366885484,289.0846018685922,189.45785679486465,221.03519718200863,165.0751840260744,124.45758269637551,354.6411144714306,309.48893536589395,135.43127199109472,261.2548495636956,329.3422397706369
258.9796508365252,175.13721867772637,57.22577793472079,180.1812364055258,289.776968492946,462.2223961009482,478.2222538406896,333.94633897988234,265.8751223034307,11.40413537258547,426.30347977291314,481.33858254636476,65.56415185629997,9.891910097034367,192.41059390432872,126.84688264781188,36.258862491853364,314.50340221289275,30.061213264878624,22.814151253555956,43.65772384126856,407.48942173479855,202.74658987413778,22.7906085410811,46.18107332592944,16.26345954139833,266.48514343725736,101.96807759179556,438.94610192360636,262.8072067470239,213.31944525641092,391.67183289680884,271.48217460302044,319.81615333916864,131.57600754844887,14.323465691345838,17.518373184701563,188.4478142391813,487.9326020304557,239.1318634953717,495.04062692898236,7.71121136656648,50.685419809273256,365.449209570978,127.46511812909712,233.04868111404716,138.44492518859312,294.842879728848,247.01055541863445,254.74628942254992,307.99921771469445,367.65333200241747,176.04431138912753,16.540438939236076,187.04867619720883,0.0,448.5248304891744,162.54697228990253,281.1656368876833,334.12650716969887,504.2223479467807,158.6159022563812,261.59671625271346,208.82251239889362,294.74860868480584,68.6892491822599,269.8977669665042,465.1280197170001,256.5348270695769,37.80463251220016,129.82850290769989,385.7540831956532,34.20475849257346,202.09104232455053,320.63799447430983,432.8008596932848,25.68814479027476,160.74081002908906,68.71443237954593,13.508493208959202,184.03074179184853,342.23534873396085,458.1353051760236,20.303232923791043,246.5763241609136,360.6339341071959,162.99189171931891,35.85761196785319,272.90512453715365,182.7017630025427,238.4122316276051,54.47067928226701,156.78659000312283,206.27661652866826,225.387955504757,195.02806024887389,160.94015918386435,133.35975892490575,419.98489759574136,493.1103687641852
419.28248715270934,346.0173443341609,495.8190832101436,283.0190367386943,163.12029496288577,261.69085862455745,34.51349055127025,198.27837500247563,561.0378909524486,438.0188685560963,540.2293085585235,263.1123540666108,396.54891549336054,438.8094192284147,466.27528339505807,469.18264867051704,419.81706307969074,239.16453113134892,421.8483416660826,426.01432380848223,478.35476652697145,362.86382846939733,602.6564901996458,430.77887117529247,433.04759721842254,446.2965265824446,413.4426033735825,355.6449448682913,300.58351503168905,324.0849926809608,297.4627943426684,67.77280180922175,279.56311592424794,158.82630403801102,551.13949208087,439.1514544913269,431.52804973409195,270.10380976634184,120.56359039243027,248.2745032465448,180.32179147662245,453.44786153364174,447.6656746125586,246.0072738292333,568.5030380095636,248.33611569675824,381.8685480139406,222.88803047950404,229.00594355932478,274.9155731910898,504.06927794527513,114.18482272658512,508.28976953709406,431.9890099318992,264.1645681805432,448.5248304891744,0.0,345.5798876394663,191.7173986392544,208.68117271140343,525.3218587512698,391.4132071561369,663.1691949047082,568.8659343394357,631.3963675100022,397.29850846819784,198.78078172346716,260.35579998229167,195.6920805117263,444.03184779356883,365.19445969777644,466.4088269201031,414.3352494497196,294.0969157367828,622.6712312737711,259.2776909263208,422.9022413938499,553.7236896504664,421.63296068357994,436.32888424881145,337.1120810788339,562.410381783154,485.73040181534486,429.94051598345806,408.76011192868043,435.29333980282706,483.3601089476165,435.831757197396,407.80067916756565,548.1311389335918,515.6688770212072,439.2526603008735,467.0931233638472,377.2391320137834,315.07012232548993,616.6645831927171,570.3285104811218,354.78468022638003,239.47402537706188,251.60109898735712
129.80364073306924,14.376844805626241,182.86508164534345,172.88829377494838,185.26294840311775,302.57216841915806,379.2458942667253,186.20800319287312,227.24225837549594,158.0155027433038,305.6886811803395,322.1129973758341,97.8439608883849,154.1900702090232,127.35173143536616,125.05206401700401,159.226869092247,158.59267065974765,154.17944248493862,149.32766061679172,205.96401182142546,247.4239083337847,258.8729765173468,160.19491375373886,183.37083909426462,171.99561397167966,132.6467216896089,148.68325746886137,276.6478421637089,101.01026794010791,235.75434460170592,305.36765039901155,111.12089229362358,266.3026982488518,216.37841654789977,148.31858615484492,153.40357515219108,87.72496917202024,352.9708743150814,226.9875245921016,347.8956392422547,162.34959860934256,197.77722155068005,206.3705110272129,246.05849993484145,97.89544045695267,37.55416492234419,146.387223889615,220.05462763656064,266.09028629995856,208.94033827076277,242.56070714970372,163.1257622603217,150.4133791369764,106.7715175761775,162.54697228990253,345.5798876394663,0.0,154.97169152295808,183.50130400387775,362.7022283460726,47.525298478994365,318.3407504420875,223.44043271341107,291.00358115041007,166.14085101257103,225.53236537793774,305.6714006746461,192.3357303897036,185.81048828295087,32.872841667303234,248.89487560989858,139.8593066268555,219.32756477316136,291.3550599867588,272.73550167939777,145.91259816940237,210.80169556090905,192.14147918269225,149.68300161143605,21.548421357776608,261.585017814569,314.485785019672,155.17714182449876,114.71427277027061,218.43448162109945,138.09638981704217,130.92598381258387,135.1962367111191,202.60411100833565,182.90589779680735,194.7830051907815,121.80518254791708,63.9928341922172,62.95961185889318,277.8987184443975,230.21773640778713,193.52544024993946,261.67795045689127,335.4499601553434
235.18227470430867,154.49784371906821,320.00058523489366,163.9485593292545,46.43932413628293,214.07451679713327,225.85297975822073,71.41611280398827,370.5599318837674,272.2377420843724,380.7144827888296,229.36358866136695,220.59166863781417,271.30422256113536,274.698399004386,279.7515010079355,260.0682224160299,86.61837713720735,259.4899083181683,260.534702538265,318.38665164725455,238.41201045364858,413.62863884738437,268.0955902307791,279.1280560881882,283.39380715359596,231.01289895814017,208.47030317821338,216.87671602927793,143.6293828047559,215.55916561001135,160.4120449141426,101.11317422864225,156.29417627814985,366.8819974990766,269.3073336099389,265.9611484753798,92.76404046705613,206.89779154567964,176.66130200949988,217.62535082867683,284.40825289376556,295.00524469989045,131.45327036910177,390.121890602255,57.086460274206644,192.00970719825412,54.52199380421992,157.63210069143642,222.15846885127635,322.2669750540116,88.99566044109925,316.87187715525675,265.13286453584095,99.02153502020265,281.1656368876833,191.7173986392544,154.97169152295808,0.0,78.80691148508632,395.998043075811,199.96314334431156,473.31045907973225,377.5569904551461,439.9614223667325,247.01405315643655,140.90466862143873,215.72948084394676,103.35102399342841,287.52936243439416,177.7311515859629,308.9108409302598,248.61365686464686,202.5864578840479,433.0277207322387,190.52584706622326,257.0316703716256,365.2082313847215,275.21154550661555,267.87061307809546,145.43729301579452,380.46478717915795,349.5244901417927,265.54429269252995,223.02829225284717,275.2572578314944,292.0246918615645,260.61064649293724,226.99072211851777,357.4162800290031,325.120774134833,288.15510404252285,275.7970583518669,186.83640705818055,125.5508247078963,430.7078665701138,383.4743428663009,229.81763399592305,170.8660009874745,234.26965469133322
217.01761919744936,176.816987850921,364.2343805282368,240.6070418770802,117.28154971419735,137.53526326105654,242.43780904855342,11.19837097490761,366.40007503144665,326.7086208220978,333.0363479867575,154.24725403694254,269.53332250304965,324.5980369790156,280.4860648317764,303.9974128916433,318.8821171040876,32.24810443308406,316.7793870662487,315.7551914538707,374.74677059212223,169.09862753186331,434.9471031187506,324.7862486307309,340.23088660904637,339.28248807254363,209.83298575822582,275.8418495144333,138.29098065314506,122.92666550056218,294.16635374026686,202.3322463596492,81.94555173232933,225.0074303471967,399.11261119910216,320.92625194116806,320.8661070715657,154.33434505098697,175.65088015627697,255.31880687931366,164.39505496136485,335.974624124453,356.1199480998436,53.81791379677229,429.47113026318254,102.98068250993548,220.05082788946746,39.34732688289735,235.97663167347844,300.64807320223366,298.43346079493125,95.5299116382298,330.42928876395524,319.179441832697,167.85703760010978,334.12650716969887,208.68117271140343,183.50130400387775,78.80691148508632,0.0,331.6028979286514,218.8911351406011,490.9753524745678,390.3456868174755,440.36946746946046,311.18814471092315,217.40384516737504,139.5668908850425,181.14092560620568,346.9714950663424,213.69228072949264,259.25142839808115,304.2606189561152,280.9018482022245,424.7608893792924,112.37585690100298,312.15512774497876,389.0778176481588,339.8573650604346,320.620060068048,166.2963134475768,356.32508860711783,287.5645688237923,321.2526454383133,208.69186028657302,227.34248848780373,307.1363400364183,307.98288743161726,203.1326591721079,374.15399714195604,322.20699531942233,350.265883498234,291.8571154580807,188.86457012272922,129.9314212325304,458.46352026611873,410.6147974555518,302.87867102673283,93.70575791445374,162.1196488694776
245.24347841513938,348.38687839995487,494.5545346889499,520.0407421742439,441.69654915302146,279.52611898550595,555.4548890597385,342.729150377508,319.15659974965456,504.20801052100984,109.87923307887344,288.8497555380759,449.78903733205925,498.7514584315341,324.2585545246788,392.66738000608586,513.5258476510118,311.0395037312556,506.80263459778354,499.1123647345157,545.9586478102707,163.6706185468563,457.05841396872154,510.448809263614,537.4871059114146,518.0523776825281,237.9881227170774,511.27184042492456,229.4853471025954,275.87268857374926,583.4611120927486,532.4319141656038,303.4808913978986,552.0208357330644,474.60402910685747,490.6392780930061,501.60300823823025,416.405244862731,440.0389576837745,558.6492425445354,384.9668430415456,500.72311042994556,549.6663251985852,283.0315744721969,522.222185818298,375.9077921939013,371.03614804825105,341.6667433848195,543.6522733283032,603.8087869845928,220.3490982533156,421.91928096469337,368.970761971245,497.54920296702494,438.94576657769045,504.2223479467807,525.3218587512698,362.7022283460726,395.998043075811,331.6028979286514,0.0,347.6254682090301,481.2451328696632,396.8875854411545,377.4238345465391,526.6796815141181,533.6093836955123,282.4012360585251,494.6021951351228,536.4730627490471,388.380479664667,118.65275008269775,492.6077764809548,567.4230730204488,332.1052804161085,270.738384012158,496.3016895442204,437.4812576548182,550.5153912896519,494.1988153145262,344.31706372202103,231.54757533981885,48.63252057345671,504.5924072721062,257.9556775618646,144.91137943097883,364.18488780552565,468.3658749436393,232.22979309386463,402.54919924916976,306.58741839510276,548.9278963882042,361.22104122219713,303.0854356888062,316.5865367902017,498.20766473615635,463.23963562331886,555.1060498611191,288.03231089370576,309.08334725757425
103.79563631247275,45.47708391154121,163.52143048145746,212.25052525440026,232.26688095356883,326.6194738524981,425.3027251522492,223.2165271983503,180.22407072156668,157.37342289283683,278.7265034755768,346.5523170715913,102.37200803372107,152.2236391952164,80.15944194550981,85.2152041848391,165.9405540813606,190.73061102435474,159.1777089197268,151.63208606995707,201.73330641369472,252.17200873931765,216.84571158229883,162.9813634046804,189.86247082957945,171.42429715646713,109.91013801519016,174.01748586505266,294.19698278558684,114.79515436128689,273.1211239343414,352.61148800392203,139.83255149244465,313.2282785780923,182.2220187204123,144.56367877787446,154.35427426189503,134.74637644243418,392.32931646469746,269.36818622022395,382.1674855970772,156.1737652337751,202.187376364972,233.15036132216346,217.8233191862825,143.08341439330974,25.360141775654093,184.44973515069267,264.09091226313967,306.1906265066409,171.93975741190525,286.00346672350423,116.91133706160163,150.44330308829458,152.70511190829166,158.6159022563812,391.4132071561369,47.525298478994365,199.96314334431156,218.8911351406011,347.6254682090301,0.0,274.7802525912846,177.6021044915588,243.50200200700326,181.2554099747939,271.40943325415833,329.9789048403885,239.16373433314615,189.09344896439595,48.64905035814266,230.04079234405793,144.99332261658532,256.9259918307112,244.38643251645382,296.53903968105016,148.75156716199479,170.25368766906837,203.50667415341522,147.6091994489371,54.98976145254161,220.923162906728,300.7304827948985,157.19038397036283,90.00781544052874,203.07530399216998,92.07858426368787,123.21146492996077,115.40406617435089,158.08527253797573,136.4019156711953,201.30298087971224,75.88981264213818,48.211893107593404,89.46274654620242,239.6510571317551,191.82743754666654,220.98113143958008,288.29249144362046,361.76547537697536
298.2852545190713,319.88958620247706,204.95177332988186,431.43442582329425,500.91620836927655,580.420177612646,696.4171934175354,496.34706942519364,163.51891360091602,272.2818498855156,373.33272349991194,600.2297294033508,282.15941574853395,267.5014889143524,213.13003123264122,193.98827549580287,297.59888392872665,460.86932565285764,290.485673276703,280.7222590423066,267.00519641561027,470.87502745253863,61.95660174703962,284.2889705838793,304.3295646772798,274.6607589906397,308.65404123935633,358.2007527463566,537.2088721797606,373.90729147024933,473.38783529094235,618.3049371877047,409.4657513737993,562.6000592220026,130.02307419297395,261.5076981951901,276.9425674543151,395.3693179627291,666.0308034952005,493.14743340890476,650.8358957119101,253.94831941171478,301.0227318404115,495.7270634964156,149.9771582902872,416.23593806210766,281.46419636799544,458.4914440385633,496.86685475176085,514.3980715877037,267.0453008703848,560.5124517450408,160.6334078133232,273.5772917547812,406.29887277901304,261.59671625271346,663.1691949047082,318.3407504420875,473.31045907973225,490.9753524745678,481.2451328696632,274.7802525912846,0.0,102.24992192949337,109.861964761715,330.100869364417,514.4596823330952,584.1106078539744,491.2194093981422,292.5739050694436,298.3063196587178,380.4595093462949,287.97987589544687,460.94913522773567,159.0322190182253,551.3386123385841,281.8873591667208,111.00560919010293,327.2159881380688,266.82490769750683,329.7202297305432,251.095461789025,450.4391916645403,280.7302394858573,298.48745995936196,376.2442349474586,183.94091379006883,251.226960325749,318.0474695794241,116.95905638895948,189.95797822059947,308.59166922318644,199.54952718476784,302.8306340583657,361.3728445956589,72.42382057090421,101.49509012036856,394.6750591976859,548.1295347927111,618.3631860646906
196.85815440498666,223.07836046762665,161.06845294497327,357.0718617089061,408.44500895038635,478.25740472155405,602.636256961336,396.14156898056245,82.44978477549635,217.36869448332413,293.67351729553206,498.0904272935306,207.69726713268415,211.46407429025047,111.03675893299338,105.32723837862557,241.20846480902725,359.8028746962416,233.08881398895696,222.39301092425032,230.05884349319308,371.0301374920441,60.339955037111345,229.33727552539986,254.96688643416476,224.50056539656458,207.30958354310053,291.311154286349,435.53940878965767,272.01318888884543,406.93952267525066,527.8708199646487,308.5444676446971,479.55643846802735,98.694261090621,203.5291889888708,220.18884324921572,305.68148739386726,565.8167417122038,418.9111042980523,549.0855645069358,201.36239978515903,256.86139829065036,393.63767925056163,144.14189909863452,320.615784798052,188.1869767516538,359.0017929438428,419.4232476397963,446.27812671021644,176.99241358837725,463.2378820220271,60.77086684340618,215.97079979656803,319.4116718398461,208.82251239889362,568.8659343394357,223.44043271341107,377.5569904551461,390.3456868174755,396.8875854411545,177.6021044915588,102.24992192949337,0.0,85.9284701318908,272.0967616706665,433.41716530526656,481.94035755715305,406.29875363419785,245.43304160516254,208.03064439764225,288.57336820236907,226.18774086022844,392.7858466832602,117.42342741434794,449.1244340348284,222.36980860789618,55.398857277649,277.49771673183875,209.21452397615263,232.39233207127967,177.30994670342355,361.4919437818956,224.34989406115952,196.45053830077703,280.28639416600623,85.53307263827419,186.6309665775122,216.73831573461476,26.429261231081483,92.88803411367736,262.39979638923376,101.77938468545113,201.61552050377614,261.4341746320843,101.45209149680018,74.62442469719964,333.7302500265016,445.89440568861,516.1476415200575
228.31283320091916,287.55877339024676,246.2498296202563,437.8678819754719,475.2006899355584,509.43580855724406,665.6916581595436,447.67070496523917,75.71645365750932,303.23678338081135,268.0681904819522,528.5837715109122,290.42648038106813,297.30277360002293,165.34678622817268,185.16923782165145,326.9264682115852,408.4828934270578,318.7670244413887,308.04784755599127,315.1316511693697,388.22936158632035,116.78959441707082,315.17390088419876,340.8953332750681,310.4251753655621,237.59079658061881,375.12876354516,461.64239252772563,317.738895603623,490.07534106118584,595.7922428373686,359.1003702942137,554.4844264536182,178.95264865746563,289.2948513614526,305.96144563243513,377.24746721347196,615.1991168155811,499.24490257102394,590.9655286605282,287.29085559817446,342.6700985731739,434.17269483145935,219.31096520643456,384.3255123315581,259.3034521943485,413.52726544094446,498.2409300931352,528.7086833125907,173.9094954104368,521.5612993738567,133.10200853761992,301.7069976648762,393.26446744588804,294.74860868480584,631.3963675100022,291.00358115041007,439.9614223667325,440.36946746946046,377.4238345465391,243.50200200700326,109.861964761715,85.9284701318908,0.0,357.54687047073827,510.07147249105407,513.2271156444027,480.5300503568542,331.3272291058815,281.5762355256821,284.9376672802733,311.46594756116195,475.5103831113197,49.17075000003621,481.9511920420152,307.9221982435759,138.07086787770794,363.4149852749074,294.97867431727855,295.5456670363031,145.883951116842,350.5010699669254,310.1292234947759,233.42379081887944,286.80514203545886,156.92630784249883,271.8832627451262,246.2781043506099,112.1250085504141,118.21661317633524,348.2926853691474,172.39692581961063,254.7961837897183,317.1067938324708,156.02740258679285,150.3460643600427,418.47694972955014,482.4011140669616,548.1854120932098
284.95579922471677,180.4458442820197,125.88533038335821,118.34738897879966,245.78001666777658,445.9742755417816,425.04226733594095,308.7830906297037,320.99536261282395,57.822839749743075,459.5972385626116,464.03933098301826,80.5480639847152,62.71575325192354,235.99948928901523,179.05674997418404,32.506420788827604,297.3208305637192,39.81941408023851,50.14813046024765,82.87503571448474,411.665757524009,270.723970316689,45.902175765499365,35.97407589057525,57.714577229193885,290.55161011771855,41.66938441616819,430.38466293467116,264.9432777179412,144.94420294261178,336.70098706106194,262.11570404398896,258.9712893118189,200.09557129692328,69.4777398792103,53.332462809957754,157.20734804049016,449.7046163711611,173.80441566810183,464.6146492484705,76.25040589787704,50.40633084371364,350.385676948628,194.31877879616817,208.33548109653663,156.57992763704812,272.33112387602773,183.93990187550796,186.44673053335836,347.52950978306814,327.91917545663046,231.895345864483,57.039841684686294,148.06224698472272,68.6892491822599,397.29850846819784,166.14085101257103,247.01405315643655,311.18814471092315,526.6796815141181,181.2554099747939,330.100869364417,272.0967616706665,357.54687047073827,0.0,209.24931642986013,448.48869542167324,201.88772294581167,47.83602716229651,138.33018332800236,410.3576225962803,46.27736233834376,134.3696902693831,379.37421407568,417.84646241212386,49.798922868886734,227.1368480825257,28.680116340120655,63.89914441158405,186.606271051813,388.6692369841363,478.9412960777802,49.42936251672664,270.8473230322217,381.7824925908937,214.4810510777902,85.74315772583033,295.2201591977137,245.68134225779883,288.1067734115643,42.280685160038125,204.6131546100566,223.6230649760183,223.60003121048243,263.6683256968859,229.11681505087276,64.67101658011259,402.3926539025626,473.22825551657866
343.46160131199434,233.78164681935465,323.71026726629685,90.90316518596313,100.8738597609803,344.65372963532354,221.92521488797493,208.26352070931378,451.3212778303796,258.615346116866,507.1303285022366,357.0338987307504,232.55122199823927,260.97574583121695,351.3139105399147,328.0906479997488,236.6173763451785,227.35793468856866,240.59268609593596,247.18965391840322,292.12306752232166,378.8011088737958,452.5179375709361,249.16904740118645,245.04721883490362,263.8848578788411,342.47459301518364,169.19059249987725,355.26820310890145,266.1098640459646,100.17941904230624,132.81802007367065,231.0712931327181,49.93978747595834,389.96828490586415,263.66693533727926,252.38065009444819,138.66400725479048,281.47014131722665,50.7170209094209,317.7141646467467,276.15047111063444,258.22455180398265,271.09535269142356,396.5379610338066,161.0242814816596,251.9128489738175,194.83028330274672,30.313245044467212,88.46507041432838,429.16228756307254,171.2711015882941,377.39934802832005,254.01680433333357,118.80645512130442,269.8977669665042,198.78078172346716,225.53236537793774,140.90466862143873,217.40384516737504,533.6093836955123,271.40943325415833,514.4596823330952,433.41716530526656,510.07147249105407,209.24931642986013,0.0,345.60178629482226,39.063283412142376,257.085090854999,228.76345386878398,438.60191864107105,236.65921602059862,95.39966777310778,515.4545432529738,324.92038767892285,244.67836535906983,403.8342093559488,230.14283952557756,259.6165235509232,229.59398734442536,484.57966615151963,486.2012747031366,249.85356464514732,329.0496655213244,404.799650117087,353.1727500393132,266.9755510301838,341.18194043014796,408.7878274021316,407.81132331542926,249.32956975827017,337.70555613777475,281.9058122634043,233.43261035701323,456.72147910433983,414.5228679814681,158.52166972343753,303.8661698115332,357.1896687297941
287.1937249165084,295.48102457539636,488.25514495863064,379.40410188036844,245.6207649038778,3.808796157212113,285.6980148440989,144.79955128016675,437.6460417429107,458.7952780407919,329.8496864449809,16.573417847981727,399.6037464662397,455.9950793872147,371.9422631422027,412.9775044911269,453.5738510489783,151.52992306328477,450.67511928233165,448.48721347823454,507.2706514075529,139.8059036385186,534.425362737811,458.22094584958074,475.8630075830074,472.02050730032363,277.19873267158965,414.4793004798645,57.70614312964759,216.05622409001768,430.452115145481,288.12958414905796,194.57300468143478,341.1439499217156,511.4227781337149,451.3317478352982,453.3199140517388,292.8561704768133,159.35880328503805,388.5393479556197,102.60536985987784,466.02656415042026,491.60449887076277,99.68707674796194,547.6450959009028,240.5809953814936,338.4288745803643,176.88317531317182,368.0951423692171,432.5619786573144,346.7328139179223,183.4484018002964,426.56717697415286,451.14621644666806,307.3114226881293,465.1280197170001,260.35579998229167,305.6714006746461,215.72948084394676,139.5668908850425,282.4012360585251,329.9789048403885,584.1106078539744,481.94035755715305,513.2271156444027,448.48869542167324,345.60178629482226,0.0,312.9141068058025,481.65467122397996,338.1888270729217,263.0189160611063,437.4456808308137,418.01330610253876,485.97970431224496,33.46983114670079,444.8953484366409,493.24897151265554,477.149044887819,451.75430154088673,285.3260655794088,397.5084862725952,252.39658817544813,454.175188116277,285.7060656815824,242.25563781715425,406.64001910105947,435.8756242606778,268.0715320239767,471.2196987473626,398.8747583436456,486.3106125414543,393.5238781581048,288.4184216847913,243.8408730206851,564.2445119432699,517.3669179566341,442.4427725018713,46.173252264153405,35.02246633164204
306.5246817431145,199.46070723713473,307.48493646165684,88.23233939577183,67.50113690854187,311.72978216028105,223.18675567791934,172.53390553259592,419.38195204097843,245.60420861796848,468.5674665257628,325.10851771981913,211.77634873169478,247.0986805907589,319.32264910205606,301.32221861044314,225.79393394388154,189.30776142099785,228.5477801416196,233.7487470834036,283.6635664282668,340.3645667364157,429.32528453619756,237.40942877298104,237.76463207914708,252.7278743908841,305.1462324495848,160.32287058042817,319.4027719545035,227.41927315278716,120.56397902623323,135.34527928012298,192.01442057869153,74.09000334581245,369.8622713574949,248.56157958784905,239.1703869347457,104.61974680244604,263.13862485406355,75.68513831354204,293.30653442504126,262.1092188292148,252.16854639996492,234.49383685388798,380.7223526265991,122.32391342024349,221.28433866634134,156.63685134856365,55.24886377756679,119.9470950642689,392.7995091133648,146.2050659150124,348.7669803377281,240.15516917491357,87.27649194672006,256.5348270695769,195.6920805117263,192.3357303897036,103.35102399342841,181.14092560620568,494.6021951351228,239.16373433314615,491.2194093981422,406.29875363419785,480.5300503568542,201.88772294581167,39.063283412142376,312.9141068058025,0.0,249.0226843609261,199.12481415441687,399.73433611253984,222.46641047796362,110.97459595167533,483.53873750464777,290.6141171722121,230.87234742712792,380.2221696216693,225.94110489387757,245.11842057413412,194.4784187271494,448.81868595958116,447.15747298408235,237.17226431694118,292.3104555153423,365.91710998711943,324.1303527161738,248.7492139769094,303.53623627167906,382.3995307957245,375.23429801790303,243.67664451033957,308.30952510926244,246.18125221798982,195.64970291383656,436.6155518722805,392.7908967724218,160.91649907041256,269.95805888637756,326.7379360895716
291.5244390463495,199.36234336842313,88.25924316388893,166.18267015388787,290.0926279470095,478.93382228761203,472.20130745303646,345.6160641246747,303.67292592134004,33.2332380102672,461.34903447130864,497.5803105881605,88.75687314099181,39.32614073390662,228.9692078761335,164.38399838672677,28.115553925737526,330.1603823959921,31.685375528387567,37.50691172540462,35.03950932636788,433.08349403487347,235.52052179159608,26.170894330005837,12.720000251616067,21.5416244433013,298.48941538586473,88.78978553308669,459.2228949306007,286.81185817323984,189.3047279632675,384.0998290373033,290.5539231035256,306.80187504037536,163.34757265996512,48.155002896630066,34.91692802913563,195.52301893224805,492.5205431189148,220.98596761285646,504.3186128902164,44.64545970479823,13.439245028577417,382.4033995477426,150.7256181379375,244.21933092147393,166.90203155733113,307.68200448975176,231.64995857035805,230.74792266906448,344.16496422477115,371.01367513604157,213.8483975553466,39.12731817430616,189.67390213022426,37.80463251220016,444.03184779356883,185.81048828295087,287.52936243439416,346.9714950663424,536.4730627490471,189.09344896439595,292.5739050694436,245.43304160516254,331.3272291058815,47.83602716229651,257.085090854999,481.65467122397996,249.0226843609261,0.0,154.25697581826716,418.3926022889411,45.952006439078154,180.04419806604164,358.1350126483666,450.05789499484416,40.5647538237719,195.81619744221382,34.74504199016507,43.48481354974404,207.282046670051,379.56664912506426,489.791906811652,31.903437462305032,278.5207759174837,392.1385102997097,200.5742892800684,70.79090943797296,304.39497533913794,219.50659338072617,275.9676468916876,16.966966546064292,193.8908443277076,235.55991165208175,247.3730320280579,223.55798410206376,193.54868628802478,108.18267682181428,435.90571786679516,508.07959843808703
148.71302244962146,45.40148293704719,150.99880080621122,164.49227085740168,202.62238121342287,335.12251323652913,398.2296799913217,215.6383450645585,223.49580373576853,125.61988489271621,325.01177527724485,354.5973713727847,65.68607686402241,121.61755834902675,124.29843469810481,104.59200791231243,128.33262889520958,190.07237745465426,122.80291594817827,117.34301062264919,173.3344882133869,278.89547746384585,237.4882738595834,128.38078996966294,152.5924739970424,139.6790319252687,153.38619596406392,126.58926496436001,309.5164765768587,133.15947921473293,224.69561219487966,320.5671142375974,143.62360498754083,272.96221367006234,189.43594918365895,115.56759407805534,121.21441694083343,97.75497038878105,380.15876035117094,222.8489134322817,377.8611439449029,129.50833974951186,166.5449604674597,238.73369036882184,216.1561599666192,121.68885666025977,24.38694421271574,175.6678907854104,218.96925563015824,258.4120668108424,220.5118215620532,266.53635274906827,149.68960554533763,118.0668261718789,111.87191003014314,129.82850290769989,365.19445969777644,32.872841667303234,177.7311515859629,213.69228072949264,388.380479664667,48.64905035814266,298.3063196587178,208.03064439764225,281.5762355256821,138.33018332800236,228.76345386878398,338.1888270729217,199.12481415441687,154.25697581826716,0.0,272.51712609777064,108.38436389038314,208.5644739282179,287.4165345873274,305.3443052958353,114.00190759364506,188.53147822396102,162.99204821409845,117.07873057872587,54.23535904594155,269.3735200254189,340.6111228308954,123.18140097443549,134.0855860844003,243.50819677565997,125.00571941635877,98.07205932226238,157.4579341313365,185.1370374562648,181.34447202571963,164.0814134997931,109.22163210984824,85.45985653859262,95.83024330411092,252.98894866320694,205.87209684172933,173.19558983594595,293.9418544654171,367.648937219051
126.88448141433764,234.8295181831009,376.2244798420188,413.42579724501985,355.31447564102484,259.35835940701213,499.3242964963872,270.22099163252665,217.15725757650537,385.95052596461966,73.84393928676386,275.21394296573186,332.40326684164575,380.4295937352829,206.94435741669878,274.65851643217275,395.9395080052281,231.80329868368548,389.05277603682185,381.1336233313712,427.35079227908307,123.31234316642015,348.8144254762933,392.44963807932857,419.75979425828774,399.72983038710635,120.13111771396622,397.37913783675333,205.47142305435762,172.84098569960432,477.36071888850176,459.9886973698035,209.04983773586716,463.85272084057306,359.5499201524872,372.2488756867497,383.4880772922711,311.515075953336,403.6675335303917,457.4813475079092,359.73431268246713,382.166062392824,431.64542715899944,222.11397673620357,406.5570804087316,277.6460618575485,253.99454332388248,257.49991373996926,444.55283115830366,501.3938015528116,113.41632978246051,354.6805383989781,254.25360777428523,379.38228656056003,334.37021707796464,385.7540831956532,466.4088269201031,248.89487560989858,308.9108409302598,259.25142839808115,118.65275008269775,230.04079234405793,380.4595093462949,288.57336820236907,284.9376672802733,410.3576225962803,438.60191864107105,263.0189160611063,399.73433611253984,418.3926022889411,272.51712609777064,0.0,374.9574102174282,461.03144497694086,245.91532058227105,239.01684251975763,378.3913228558772,324.42252794487,433.4530338232164,375.89550202541335,232.03480887650068,146.0292353319952,75.06388679062971,386.5539091028824,140.0581664591033,33.84642536281329,247.40429524556149,349.8975321330216,115.14055438164166,290.8359657759484,195.9664395428805,431.155964512936,243.4863995660502,187.09252260283472,209.9212808782072,388.5187092728763,350.5245812316674,442.3950947815209,249.08069688932096,296.5563396153261
248.32486132627443,153.42197703555624,87.55634756961906,147.71957338908842,255.91340903354876,434.6535074765659,444.0191127519717,303.51320177761187,275.04529751149425,23.90653599152495,420.46890841184086,453.4906919367216,43.20151582100879,24.633347388054883,192.31705554197393,133.1500495990008,21.03071233635799,286.1533180797142,14.440419840531076,11.959106715756143,70.52661790570701,387.14789795014224,227.5798512800261,20.805555681204563,44.90615799083819,35.08371126276403,254.8439615996795,70.76767965389445,413.84218667305123,240.86316615379513,185.42530499301245,357.53331986744087,245.34286521044277,286.5150339086473,158.6230041016257,27.317070469829456,17.466315240360405,155.8639049131798,455.08803130159583,207.7800001426723,463.73875916755964,39.687268694589356,58.18711886878898,337.96085361090206,159.92331265627456,202.18623855918324,121.96266685732672,264.91332134270704,214.569665115286,226.43143169561768,305.68379850987753,334.4196890638248,185.74636128575116,17.70727299526183,153.36805508292557,34.20475849257346,414.3352494497196,139.8593066268555,248.61365686464686,304.2606189561152,492.6077764809548,144.99332261658532,287.97987589544687,226.18774086022844,311.46594756116195,46.27736233834376,236.65921602059862,437.4456808308137,222.46641047796362,45.952006439078154,108.38436389038314,374.9574102174282,0.0,173.06995241018424,333.126869551869,405.5610433739459,8.601840011518842,182.591965399308,60.2378357570994,22.95911338488348,161.3362166253831,344.71280480116275,445.5782882649222,17.04693660263656,234.9012129838418,347.9490348019336,168.8426528710947,39.583592598833086,260.37805665718344,199.7592681935339,243.07564403173114,56.3899868586288,159.63594073224345,190.60601886282458,201.54661705031455,224.0236790781407,186.52062466459597,108.14595104633399,391.90168236233893,464.5217139617308
348.66113464440224,231.67689718932422,259.12344346498423,47.60808979405748,176.46207091322685,416.4726987498547,316.32832450560676,273.99257754256263,427.1666215946397,190.81418135548978,522.9423323440891,431.1949884882874,185.20402229583934,194.81070711909715,330.94913054675015,290.49928069053516,166.01984779306719,281.2952585470437,172.13280422114772,181.10866466955085,214.1526358028541,424.99976031622003,400.1864716253457,179.4923687251624,167.34766246399462,192.079376867039,350.5660166129025,102.84790413374485,417.543863117877,291.5795967902413,16.455339090596237,227.6204353735818,267.8959995274647,139.21013131635482,331.6789853394773,199.9429015194429,185.42725741642917,151.03727832244252,373.18309613136853,46.69915171707106,404.19767760785385,209.36389675588615,177.81659502441988,331.718650132662,328.6731500674559,195.93992138833232,232.85511826144466,249.27822195777443,65.10769223861996,53.66310284968974,427.51956057365794,257.16741667482,343.56045397881064,188.31085227200404,128.66358455652028,202.09104232455053,294.0969157367828,219.32756477316136,202.5864578840479,280.9018482022245,567.4230730204488,256.9259918307112,460.94913522773567,392.7858466832602,475.5103831113197,134.3696902693831,95.39966777310778,418.01330610253876,110.97459595167533,180.04419806604164,208.5644739282179,461.03144497694086,173.06995241018424,0.0,489.66746320347806,393.0601323789159,179.57149758574096,353.96693363806816,148.29537601374307,194.86418273998498,231.74188619875378,477.84894323978403,518.8624251290138,181.9918189054477,333.5575085298987,428.37200295970456,321.7616566263545,210.1297917931937,351.86053166095775,366.67570369671057,387.6249493511988,168.7172436567868,308.26622797506593,282.9340804685367,251.63205502274323,396.69131641315835,359.4557896175376,72.43595813307957,373.4353455904525,434.4982969416551
208.1993458507965,285.59239597963654,276.92604446284946,449.23312864920587,471.31327214343753,482.1712552773844,657.160855050882,432.9296215012146,64.16561251149749,328.0196285630767,222.29199422491914,500.7854929449878,306.80921210810203,321.8628525038377,164.2461790857548,201.277350868941,350.33557225731954,392.53586235814146,342.0300802132995,331.300264168107,345.72508375856694,355.8231350622473,160.66557798087578,339.5367498946072,366.6382906760621,336.7487356433902,216.29741986236942,392.29918285344445,432.3792574903931,302.04153844891204,504.89959776884183,591.7923487953509,345.34203267312193,557.5848634054951,215.73183938082906,313.39770264946776,329.92591819020305,379.02426861338057,597.3442082257712,509.4076845177273,568.7638205616392,313.5192021339387,370.2422175712893,412.9102810370411,259.42736741491984,379.31706873407404,263.72784471660736,401.3179480339299,506.35683622367947,541.980904899542,140.0800744685562,510.58632112649195,147.80134943067756,325.4837737783786,396.9803166740856,320.63799447430983,622.6712312737711,291.3550599867588,433.0277207322387,424.7608893792924,332.1052804161085,244.38643251645382,159.0322190182253,117.42342741434794,49.17075000003621,379.37421407568,515.4545432529738,485.97970431224496,483.53873750464777,358.1350126483666,287.4165345873274,245.91532058227105,333.126869551869,489.66746320347806,0.0,455.83538134254206,330.6866795885684,172.748636723968,388.46048942140794,319.0064128319562,292.30538801098817,101.8784227417961,307.82555141768097,334.0967279118705,216.1084545282718,251.8573866148025,168.04630533551028,294.00480319204684,224.12409820981244,140.86186854414868,108.81668935095084,375.01084710204236,181.45781065590907,246.2076552959572,307.84037545188966,201.68681489129534,189.40761437248943,437.47695877830864,458.24224270609926,520.9959627258963
255.07673306567997,262.35482467031017,455.1497659366692,352.9608951700241,224.12882083394888,30.08185821255505,287.2987537678394,119.1195952158836,406.27856305231444,426.661508434895,308.3168900530663,50.03470052676866,367.24322626664605,423.74518125237745,338.91440132591686,379.5103947857881,422.01997092345096,120.52870320184743,418.9272303539363,416.4917744495526,475.1556656045683,117.5930201611192,501.2675523195495,426.3570590926951,444.54790626823603,439.9916731811556,245.20816815420875,384.68990450324446,41.65182964578115,182.5896417556854,406.0722833711028,279.3203117783476,161.74070741618138,324.6152521102145,477.9529603165903,418.9327146049548,421.26280312860996,263.2854007773002,170.0833328467119,365.814079200384,120.83788678219746,433.55597689117,460.2226805151449,67.65967847911018,514.2385297655973,210.77168521327582,305.1904827456655,147.80928001286878,345.8433612252202,410.5612095199355,317.2801505149346,170.42776924697165,393.4314580588165,419.0021608630469,278.74518000920847,432.8008596932848,259.2776909263208,272.73550167939777,190.52584706622326,112.37585690100298,270.738384012158,296.53903968105016,551.3386123385841,449.1244340348284,481.9511920420152,417.84646241212386,324.92038767892285,33.46983114670079,290.6141171722121,450.05789499484416,305.3443052958353,239.01684251975763,405.5610433739459,393.0601323789159,455.83538134254206,0.0,412.9072197105588,459.8929759431445,446.4619189537588,419.4674586735716,252.2527055190679,369.3785911257876,236.4587009346243,422.2092917665081,253.11482667823557,215.8873037003682,373.349836359413,403.17505893546775,236.1816992614561,438.103760443557,366.8857026693736,455.1166848719001,360.15724146557613,254.9775892368572,210.67520206665105,530.8804062353839,483.9599651103023,414.15775104618683,21.768000678025967,67.02464960111953
251.59461758361684,159.2652752186515,80.1249070224308,155.41042667227774,264.51186567141264,442.07782822826107,452.54747198259525,311.5265576925922,273.3827127903125,15.32118926317106,422.70801362555875,460.979106852569,48.34477218503441,16.314002071817065,192.8156802579011,131.78377545832845,19.97357739249055,293.7131612878718,11.725759699619514,3.6026506186107397,62.60665855878396,392.89737600366806,221.8464274099749,14.428642296390661,41.703941842441616,27.16868910091242,258.36850924256515,77.86315465693367,420.7100365587797,246.89945571118426,191.57310200324164,365.9885050456887,252.37935053948613,294.56446346058556,152.21245364792537,20.398786467381576,8.932664428734341,164.27108373422172,463.5663148079787,215.09416630558133,471.94404326717074,31.478697209512536,53.46304183052205,345.34553477217554,152.06319182927604,210.26153467701957,126.35252474435852,272.81116565020267,222.27713544251472,232.74928478175136,306.951394952765,342.9521702291382,183.76343542330972,9.344494907528441,161.94890746749655,25.68814479027476,422.9022413938499,145.91259816940237,257.0316703716256,312.15512774497876,496.3016895442204,148.75156716199479,281.8873591667208,222.36980860789618,307.9221982435759,49.798922868886734,244.67836535906983,444.8953484366409,230.87234742712792,40.5647538237719,114.00190759364506,378.3913228558772,8.601840011518842,179.57149758574096,330.6866795885684,412.9072197105588,0.0,177.55061633601028,59.64346409566032,15.35469993884744,167.44222119523323,344.8193846669286,449.48188144980566,9.34244023086311,238.40342911141386,351.8268615592221,167.76638309455396,36.723340153325125,264.1298485939114,195.9665417077128,242.4979950067149,52.900778680659926,159.27536900977822,195.0203124609047,207.99786385614223,217.18077085989535,180.5368034504548,113.26255912569849,399.43066869951394,472.1716905947657
217.9104547672522,214.00892105740175,108.849497399112,322.1468120830884,391.00528344316945,489.6973192408475,586.694654622945,393.4660000538141,133.8726655123953,170.32802853557186,338.41763090606776,509.7090951425663,172.09663210614747,164.82643528809797,125.54392342214148,85.8366072985237,195.15975073463872,360.3962751263607,187.39486760184147,176.99190165705,177.38585073112353,393.5518640736161,49.24399418129333,182.49272194880425,206.24492683066052,175.65683533942646,228.35996444925902,251.20573063744985,451.12124420111434,278.0494348274629,367.18281469662463,507.66729941587,309.09491140429196,451.7577293380396,43.50300593347952,157.6637572956988,174.0142368537114,284.9129904573491,562.3866000652421,384.0777559945399,551.7885470044577,153.0707283990877,206.43255710033864,399.8834439465784,90.4265215488182,308.3375186510858,173.36729779232678,354.5578610796362,386.9255851660358,407.61972898979633,217.63639339175268,453.3075777913806,71.46922266641758,170.12939883814425,295.38315832423234,160.74081002908906,553.7236896504664,210.80169556090905,365.2082313847215,389.0778176481588,437.4812576548182,170.25368766906837,111.00560919010293,55.398857277649,138.07086787770794,227.1368480825257,403.8342093559488,493.24897151265554,380.2221696216693,195.81619744221382,188.53147822396102,324.42252794487,182.591965399308,353.96693363806816,172.748636723968,459.8929759431445,177.55061633601028,0.0,229.15663605681925,163.26797103267367,224.24263988635104,227.13018605503862,398.9670910631785,178.06652340450364,213.73576380212253,311.423514398817,87.05427191692081,144.0309247852244,237.63222367907994,36.58485289112663,131.29752263630073,212.67519757584907,99.74494150127494,205.39911095464814,259.3009114475967,71.0081636227325,26.215957489550075,290.6836405320683,454.0908776874167,526.4478318036837
307.2458090499809,206.3208121757777,122.59191010079249,139.8943381104077,272.59518819812314,474.62747361109825,448.5906364653996,337.40929499307924,332.26509005879,60.46189112761552,480.37127761420226,492.71051244850133,101.2011352154973,66.59811893938154,252.30247823287215,191.10809565011942,39.7823504113255,325.9422831414892,47.918755990321294,58.20591998089934,66.3553355307823,438.68269675106353,269.8104554361939,48.99619583891756,23.01314341504498,53.51009607256139,313.3605191551755,67.79411574924873,458.7073639951255,291.86076305159986,156.49284481487558,359.79525419100213,290.27193180981766,279.31531558972114,197.78248933987598,75.11104791600377,58.76108933702223,185.81738873939727,477.0248906334293,191.02878801881056,492.83687578662557,76.26993365174336,29.588921208429092,378.9745562270846,185.14881960557366,237.01465629135126,179.5258163750414,301.0105049198492,203.30617364304334,197.71468650206154,365.9205358826836,355.2206773497753,242.44139123627608,63.289878011213894,176.1962102930145,68.71443237954593,421.63296068357994,192.14147918269225,275.21154550661555,339.8573650604346,550.5153912896519,203.50667415341522,327.2159881380688,277.49771673183875,363.4149852749074,28.680116340120655,230.14283952557756,477.149044887819,225.94110489387757,34.74504199016507,162.99204821409845,433.4530338232164,60.2378357570994,148.29537601374307,388.46048942140794,446.4619189537588,59.64346409566032,229.15663605681925,0.0,69.55533178778657,212.98506943374417,404.44359453226724,503.0834201285188,54.63796495127921,293.4974697997109,405.63493550986556,227.20121904038777,95.77823727143733,318.4823346010172,251.3275955375593,302.08889787950085,20.54009025248213,218.91554891628826,247.57371845286798,250.84482372319897,258.30272766334105,227.8432697827388,75.8681679545648,431.05905554048644,501.9050950658265
249.02033333342658,162.4565126879959,64.79411918324973,170.6027798476455,277.04945404097003,448.85916604250747,466.25628304016766,320.43975895822825,262.77119015290833,10.255657999925562,417.9665897456223,467.9510182597971,52.30509761580833,4.630864068192028,185.60810691176917,122.05982682400175,32.04508049641304,301.0599543841266,24.12899504160508,13.901545195154439,56.2815551770846,395.26917478847275,207.0088783739668,20.55945022107141,48.72588830093802,23.864031230753017,256.2638970710394,93.209749980581,425.88203969065097,250.19333439781906,206.75866574522584,380.050360023028,258.23678175417945,309.4678940074224,137.03473497773467,5.685341591231716,10.986756814210317,175.1912909634851,474.68353257795377,230.42241899703862,481.56215722801534,17.118982907658687,56.91851765223939,352.0827299316996,136.96826675344678,219.56078233120562,126.68208092946155,281.3350826239609,237.46402008929084,247.98446052885222,300.69489990447624,354.5432209782433,172.91828634972518,6.861809459585016,174.2242017867856,13.508493208959202,436.32888424881145,149.68300161143605,267.87061307809546,320.620060068048,494.1988153145262,147.6091994489371,266.82490769750683,209.21452397615263,294.97867431727855,63.89914441158405,259.6165235509232,451.75430154088673,245.11842057413412,43.48481354974404,117.07873057872587,375.89550202541335,22.95911338488348,194.86418273998498,319.0064128319562,419.4674586735716,15.35469993884744,163.26797103267367,69.55533178778657,0.0,171.20187176163424,336.65564641930786,447.8291159835557,15.16225081486157,236.313109306014,350.23180449147327,158.25551636591698,27.359597191241086,262.4529106672317,182.87806196430785,233.4759456546737,58.75147086647328,150.88063629793365,194.91134387800156,212.42660618634494,201.8542886695183,165.5646994515344,128.01798156989685,406.57239403674316,479.66488809333714
117.42287443600327,10.538850028467886,202.93076147894183,184.5539591608647,179.78812220117328,282.17476671736557,371.1486373251757,169.82644604496895,228.63283701162504,179.56114005802755,291.3508290785279,301.8123368648899,119.39236072800483,175.71578139339974,130.29458563231339,138.5334916661251,180.58286349946158,139.9446334740901,175.6329961628133,170.86320902436896,227.48026935294257,226.11482580767444,271.4263366203155,181.7112188292276,204.68225866434693,193.54393382346515,118.8494113569181,167.1312549090524,255.36921624964472,79.53427920327164,248.19498753161048,300.455100740914,91.08977631001699,267.7119569572545,232.82327145478922,169.78556425215623,174.95058535888626,91.029679469925,338.1770646316329,235.58897670479905,330.4875149053063,183.73763014913095,219.18314657463876,186.34832745893476,264.4685592232168,88.95641567129094,54.087824530953704,130.48540961922566,226.89332193082907,276.43051818674246,200.38484450582715,231.0219745435578,171.63571642769548,171.96075363629157,112.32240651213772,184.03074179184853,337.1120810788339,21.548421357776608,145.43729301579452,166.2963134475768,344.31706372202103,54.98976145254161,329.7202297305432,232.39233207127967,295.5456670363031,186.606271051813,229.59398734442536,285.3260655794088,194.4784187271494,207.282046670051,54.23535904594155,232.03480887650068,161.3362166253831,231.74188619875378,292.30538801098817,252.2527055190679,167.44222119523323,224.24263988635104,212.98506943374417,171.20187176163424,0.0,255.04869237805553,295.91376170126347,176.7127877507759,102.39726250256,200.77696347108503,146.9365491476696,152.11088111071666,120.22884784055749,213.0734116831178,183.49526083411763,216.06784173916637,130.8108187990466,52.76577846394676,41.80090461663035,292.7136848507956,244.8740835649582,210.88529743566818,241.74317923897567,315.552886250207
145.32649422551106,251.57567584838932,312.1099195421505,432.9189747503367,423.3639800832633,393.7195379689541,596.7583742383803,365.81572641243196,94.91020460382974,346.71790100469343,122.46265573511371,411.3944228469324,309.04875331327565,340.4766254428888,152.67354158317823,215.48714948265254,364.6700594771724,324.5185421569476,356.53628848436836,346.45252056366456,376.38224925782464,262.0518117753603,234.77245424025804,356.5996005518416,385.2463937973453,358.29730175130305,149.70784715799041,390.832017788656,341.7602653027298,238.8640620413581,494.03413061527596,540.7480714538389,283.40938863017664,521.0349885181406,269.3514988546063,331.59788414774556,346.7159907843592,346.07781277684535,521.8051997658989,488.5486422448317,486.73757309050774,336.33253280582045,392.7820756220652,334.9594623879518,317.3363711290928,332.73456584313516,245.22276232244852,339.8940789495238,481.34002804840173,526.7621100834757,58.42275030946594,448.3114262580101,171.50330451451606,342.1541018107437,367.0805119552796,342.23534873396085,562.410381783154,261.585017814569,380.46478717915795,356.32508860711783,231.54757533981885,220.923162906728,251.095461789025,177.30994670342355,145.883951116842,388.6692369841363,484.57966615151963,397.5084862725952,448.81868595958116,379.56664912506426,269.3735200254189,146.0292353319952,344.71280480116275,477.84894323978403,101.8784227417961,369.3785911257876,344.8193846669286,227.13018605503862,404.44359453226724,336.65564641930786,255.04869237805553,0.0,205.9475805611569,350.6292065416351,158.13922983754532,156.7759571616231,179.57940475292907,309.42453202648693,154.72393401290702,190.55345638807665,104.55490643623641,395.3899901466479,185.7784094465489,202.7085394841085,257.04792530892314,277.19042623595703,250.44127299606956,437.9810294836242,374.7028478924992,432.2397554531557
199.43454208669314,300.14783100704915,450.6359876423269,471.4588734249219,395.50041624172786,249.1930253293594,516.7508466387116,298.75021754156313,287.0121264829732,457.7651860894301,93.64976181896951,260.9764096841821,402.61956848740436,452.405930814648,281.96294053542783,349.4015086464171,466.4337683776445,265.4723333673464,459.8380169794542,452.3546037480488,500.2615433114179,122.94385068576186,421.8303414410876,463.7022201246624,490.48254655299957,471.6931386573177,191.65217595947837,462.9542627351213,196.5495048133609,227.29113721023847,534.9190312127492,489.43864811341,255.61137176096298,505.76661054452927,434.5185886134107,444.41226672130415,454.9856183585393,367.8620924021529,406.5322489283913,510.4910525447385,354.55247795735204,454.8657393029943,502.9139885646365,240.98697369539477,481.59903311684,327.8350243643726,323.7711277096692,295.4380634068308,495.7126169887233,555.5532127324873,184.70890428833016,379.6796842858508,329.11647062201575,450.99558422681093,390.4318523344591,458.1353051760236,485.73040181534486,314.485785019672,349.5244901417927,287.5645688237923,48.63252057345671,300.7304827948985,450.4391916645403,361.4919437818956,350.5010699669254,478.9412960777802,486.2012747031366,252.39658817544813,447.15747298408235,489.791906811652,340.6111228308954,75.06388679062971,445.5782882649222,518.8624251290138,307.82555141768097,236.4587009346243,449.48188144980566,398.9670910631785,503.0834201285188,447.8291159835557,295.91376170126347,205.9475805611569,0.0,457.890182496526,211.56227891937013,97.65576294316307,322.4634388946346,422.30883898876755,185.4106821145854,364.9577397562785,269.4907930729632,501.95123194115365,318.3789303257091,255.51547157150497,267.95467464476474,462.10840610406234,425.00178716001915,506.62507225185703,251.914182593024,281.9897196181088
259.70154264244957,168.48305666410067,77.14111476287592,159.9653030691875,272.23163074019686,451.36370389528787,459.3306086256883,320.5432744723602,277.62857081341116,8.900582578249548,430.1158031503586,470.2490955452479,57.49685727440273,13.29778450179112,199.07260870798893,136.57515152077784,17.096597688041353,302.95999937370925,9.863292921759877,5.849584150590336,53.50233764404327,402.06709078565694,221.30074842423628,6.047282376158063,34.71424942413468,18.043266255258054,266.614984903191,81.67582363440201,430.0523947716204,256.1477424178752,193.43042586029912,372.4349050128709,261.71695690375793,299.7855064974712,150.75949337783808,20.839341746678954,4.178788348753443,172.81361388858252,471.9246145332033,218.8289202092852,480.7810197394496,27.376463918429696,45.091590596422066,354.6391195311821,147.76618055628964,219.22722400983847,135.1051121721086,281.90599984564597,226.77249513731965,234.8001076877054,313.7047382658361,351.13421253809497,187.81526059804267,8.652601000322724,169.89997822911442,20.303232923791043,429.94051598345806,155.17714182449876,265.54429269252995,321.2526454383133,504.5924072721062,157.19038397036283,280.7302394858573,224.34989406115952,310.1292234947759,49.42936251672664,249.85356464514732,454.175188116277,237.17226431694118,31.903437462305032,123.18140097443549,386.5539091028824,17.04693660263656,181.9918189054477,334.0967279118705,422.2092917665081,9.34244023086311,178.06652340450364,54.63796495127921,15.16225081486157,176.7127877507759,350.6292065416351,457.890182496526,0.0,246.64626942733187,360.23631791605777,172.72181488433742,41.30939320861878,272.4960266357057,198.02256163588518,247.7884256972545,45.43957401617342,164.8846108957574,203.73518852071706,217.31632721907167,214.85721170958743,179.6894481344479,113.9465546287639,408.6886008858225,481.3896721240716
15.107326194557308,101.89556567386698,242.36924060080315,286.63834491942697,265.32229860739477,282.00059940961467,443.2653308657256,216.82549948223746,158.40744073683496,246.2880240887468,191.3837130400959,301.7717802079054,192.37972210587387,240.8805322046568,88.47201096406165,145.15975280274375,255.88136720658466,176.49187516308513,249.01147652193603,241.18387356839744,288.8434498298349,180.1998947404897,250.85035291712597,252.51417787397466,279.7164872862172,260.17538202193344,19.968745667501512,260.41936644645796,239.35824215157638,85.94932176630343,350.00900161046656,383.4398030243313,129.67992434720813,363.64941860210763,240.14786892663622,232.8550396406265,243.6473419406757,191.8963706100826,382.27224987760263,337.8035182280438,357.93819973536523,243.3778922116536,291.7278390719982,201.11936596702844,283.5451146578308,174.63357131971404,114.27077557359343,186.14191530769835,328.43079335777225,378.82364168532297,100.79198496848262,295.5793259567213,143.60730359259642,239.59786041184185,213.94650977368167,246.5763241609136,408.76011192868043,114.71427277027061,223.02829225284717,208.69186028657302,257.9556775618646,90.00781544052874,298.48745995936196,196.45053830077703,233.42379081887944,270.8473230322217,329.0496655213244,285.7060656815824,292.3104555153423,278.5207759174837,134.0855860844003,140.0581664591033,234.9012129838418,333.5575085298987,216.1084545282718,253.11482667823557,238.40342911141386,213.73576380212253,293.4974697997109,236.313109306014,102.39726250256,158.13922983754532,211.56227891937013,246.64626942733187,0.0,114.09653607085728,127.28347649460089,210.75846692947445,26.816336134790465,187.57241747596666,115.6118421189307,291.12352067117934,117.67245685616984,50.73101579712833,98.90921863038594,284.0418144795174,239.33322750451956,306.55081795052484,251.13727736199576,320.11233309679915
102.54453822218645,204.2063683725782,354.8774469428495,380.7668187357336,321.6377339759064,238.50389162051712,468.49844849997965,238.2000531214916,215.06758122196018,360.1481595999638,106.16854403912538,255.55979725836085,305.0273336757602,354.81458194778395,189.4753721628752,254.80247863627048,368.82149031699936,199.16991892391326,362.19725501831834,354.6989582437191,402.9363828989111,105.27625200513455,339.83688874218376,366.04668123012857,392.85045630877994,374.0948475811658,94.27973527728896,367.1175489995824,185.65745621894695,139.19873532105737,444.658585096447,427.2233379075986,175.23309124582562,430.0458550640842,344.04823976082275,346.8605928496016,357.3389835363075,278.4196963851168,376.80267326853937,424.06888797247757,335.68849873186593,357.47409283109397,405.2582341998577,192.7279282342603,390.0214673127546,243.8749672395739,226.21006316711038,224.18332487722697,410.9544614730737,468.14758698548167,112.9405028621827,322.87064209226264,240.18438669082101,353.3579226022702,301.25998992192604,360.6339341071959,435.29333980282706,218.43448162109945,275.2572578314944,227.34248848780373,144.91137943097883,203.07530399216998,376.2442349474586,280.28639416600623,286.80514203545886,381.7824925908937,404.799650117087,242.25563781715425,365.91710998711943,392.1385102997097,243.50819677565997,33.84642536281329,347.9490348019336,428.37200295970456,251.8573866148025,215.8873037003682,351.8268615592221,311.423514398817,405.63493550986556,350.23180449147327,200.77696347108503,156.7759571616231,97.65576294316307,360.23631791605777,114.09653607085728,0.0,230.4105340404365,324.8333545898931,87.78077917888237,279.5425307436583,187.58160154315686,404.31436679577587,224.604259333026,158.17524554413558,176.9073616846736,378.0319671934502,337.6394461523068,411.590631902654,223.925613299188,276.6373605943108
132.64901873629634,137.55550896534987,134.92052665889767,282.195028894122,323.29897333333923,403.0622963141836,517.1658020399153,312.41215618100927,106.96315345103483,168.1181269041542,273.41131064121396,423.06072179569406,139.1012920879323,161.8442674017582,40.94308370921411,36.21099986011771,187.7389274616815,277.32050545335557,179.45220736183975,169.00506060840058,196.99703749360515,307.45693689650477,128.7071761248138,178.57199678806927,206.97976929050805,179.15805033785327,142.92360565142502,224.5179526301101,364.070561426542,192.2985132005718,336.906811981715,443.09447699529176,225.86513417591044,397.9333554440108,113.97381520288577,152.9932535929528,168.68353542200904,221.8370857909366,482.090024487121,343.09980424064634,468.03098342075424,156.8994449404402,213.65654772357894,314.4401126128985,159.63573950505992,235.08640805013596,103.69137531152937,274.61508802888505,341.4960493227122,374.3213666912223,151.26475704475388,377.9019123529288,25.048832406584292,164.1156168768113,236.87377555191838,162.99189171931891,483.3601089476165,138.09638981704217,292.0246918615645,307.1363400364183,364.18488780552565,92.07858426368787,183.94091379006883,85.53307263827419,156.92630784249883,214.4810510777902,353.1727500393132,406.64001910105947,324.1303527161738,200.5742892800684,125.00571941635877,247.40429524556149,168.8426528710947,321.7616566263545,168.04630533551028,373.349836359413,167.76638309455396,87.05427191692081,227.20121904038777,158.25551636591698,146.9365491476696,179.57940475292907,322.4634388946346,172.72181488433742,127.28347649460089,230.4105340404365,0.0,131.44111004892252,152.00661225583713,67.02312565632414,75.4230653848402,216.72264044399031,16.291319760570467,120.00174686753553,177.43552937924588,157.96192216115,112.23506071394789,270.2067819237907,368.14333338302976,440.0671391168801
223.12387606472623,142.7099361743006,60.08926138896195,180.825477392524,274.2758046507373,432.8596549292391,466.7471959878774,308.6749948712414,236.71512480408387,37.57454420006913,390.94406181095366,452.22629679508566,40.06283183161795,31.479814441833618,158.24876453242862,95.32991776006227,56.56823130322265,286.4806303494977,48.242675831173024,37.64169306177557,78.52273023009127,373.38620071115986,190.1265679671634,47.22008339604208,75.82459656462163,50.41472205036834,230.65666471902597,107.28710751658632,407.47861401897944,229.84273511517378,223.17117224160526,382.2132862943021,241.44484349535315,316.3423838279839,123.4480318025362,22.756310762309305,37.32348669073731,169.14163672859047,467.2882314289935,242.1915053377505,470.7377648980933,32.97220086263699,84.20725725537692,336.26623638530316,132.75399973158974,209.28007194258768,104.00953636218262,269.01597608302774,247.06950347109262,263.742770884687,273.3759245459714,348.71345953488793,147.04971502995974,32.75403696399089,171.75237179106003,35.85761196785319,435.831757197396,130.92598381258387,260.61064649293724,307.98288743161726,468.3658749436393,123.21146492996077,251.226960325749,186.6309665775122,271.8832627451262,85.74315772583033,266.9755510301838,435.8756242606778,248.7492139769094,70.79090943797296,98.07205932226238,349.8975321330216,39.583592598833086,210.1297917931937,294.00480319204684,403.17505893546775,36.723340153325125,144.0309247852244,95.77823727143733,27.359597191241086,152.11088111071666,309.42453202648693,422.30883898876755,41.30939320861878,210.75846692947445,324.8333545898931,131.44111004892252,0.0,237.1298197838887,160.20170577992937,206.47924081059796,86.06946056036739,123.65014010233111,171.1211320094807,193.84505803741888,189.96941850974216,149.826144348381,147.35014194516984,391.26705050621996,464.7985414328569
19.952175009019633,121.54315988654989,269.1724195483568,304.53030745421034,271.0972915140581,264.3113937340445,442.1896231480872,212.16497143884206,170.57198061319886,272.3675472765129,171.1240557187696,283.8104891549819,217.5916486468722,267.03713806176387,112.10456115741286,171.50371954737244,281.2990303346303,170.9989263324219,274.580270509753,266.97675031837315,315.34596972209965,155.97397118299688,272.85007578184496,278.32149496715186,305.25995584886897,286.31554444021174,9.437766453805827,282.9222554871876,219.26058307570415,84.21330951526265,368.3061893985121,386.7857385286389,128.7087032252925,373.1838472634929,265.53114919957653,259.100610229567,269.57709497509813,206.42247414624356,373.47880785693354,353.2876572772618,345.2756307608456,269.83597970767045,317.5383677370685,188.91070285514004,309.5073595253691,182.93909100955014,138.96003229287962,185.17166977503757,342.67426086160145,395.4459348341929,96.31527484633246,293.7913017676195,166.72027321545966,265.58513280080916,228.98865305169213,272.90512453715365,407.80067916756565,135.1962367111191,226.99072211851777,203.1326591721079,232.22979309386463,115.40406617435089,318.0474695794241,216.73831573461476,246.2781043506099,295.2201591977137,341.18194043014796,268.0715320239767,303.53623627167906,304.39497533913794,157.4579341313365,115.14055438164166,260.37805665718344,351.86053166095775,224.12409820981244,236.1816992614561,264.1298485939114,237.63222367907994,318.4823346010172,262.4529106672317,120.22884784055749,154.72393401290702,185.4106821145854,272.4960266357057,26.816336134790465,87.78077917888237,152.00661225583713,237.1298197838887,0.0,209.88511553739775,130.8067990108055,316.70529342877893,143.31135095475733,72.18448196345054,107.89618554395966,307.362527682373,263.4810886351991,328.48226935698005,236.12301889112985,302.84856268706
189.94951843573105,203.38703591666618,136.18747519609877,331.42208764196727,386.8092395628975,467.59099272259004,581.6863520279991,379.4265346514498,97.65210226914544,191.11313727995753,302.3917813702662,487.53554688364176,181.72028839860423,185.1785200106576,99.47368286080945,81.08918458656913,214.85250685122173,344.2583421961323,206.71778589856865,196.0139012875959,205.114359294089,365.6214464880973,63.332284869795814,203.05013953703195,228.8727108584299,198.46775944368653,200.4766088645849,265.02912976324274,426.7467104574775,258.37942434171265,380.745936453899,505.61011665139057,292.8130561251792,455.35064249219823,79.28369868244006,177.1932024025283,193.8575301847678,282.8878823058279,549.0923905683494,393.32862834709937,534.7421336311793,175.28585444462036,231.09571657486663,380.50945035367994,126.87632265350351,300.3422513546127,166.42306501914481,341.5339598836007,394.22570768115105,420.209679488942,182.31549361457323,444.05815977031267,44.69862849913538,189.62110739974045,295.83578366885484,182.7017630025427,548.1311389335918,202.60411100833565,357.4162800290031,374.15399714195604,402.54919924916976,158.08527253797573,116.95905638895948,26.429261231081483,112.1250085504141,245.68134225779883,408.7878274021316,471.2196987473626,382.3995307957245,219.50659338072617,185.1370374562648,290.8359657759484,199.7592681935339,366.67570369671057,140.86186854414868,438.103760443557,195.9665417077128,36.58485289112663,251.3275955375593,182.87806196430785,213.0734116831178,190.55345638807665,364.9577397562785,198.02256163588518,187.57241747596666,279.5425307436583,67.02312565632414,160.20170577992937,209.88511553739775,0.0,95.96483610854781,236.47129887405748,82.60026804757443,186.56005624810874,244.4498208638032,98.55322716299719,61.038488285975454,307.31784983879095,433.7204581796249,505.0194127246306
111.83915132500204,176.80886671493508,207.7540621844482,345.2175852136022,362.701218688078,395.1162083716326,550.0957838444975,329.61683098679646,45.44003894025637,243.40685300126918,207.4810198202516,414.6129718824575,210.25819063727081,237.13843088136824,57.05043504966828,111.5846813691053,262.45697766578064,290.2838370233209,254.21696037395577,243.8952554936135,271.8652085361294,281.0361911323835,152.93280618026174,253.68686844976116,282.1942638291717,254.56976746813837,121.69157772965352,294.54605303601534,349.4964147190111,199.52317750577515,403.3393398064074,483.27187137313376,241.12483552300515,449.20640234642013,170.62170216380636,228.2733065417419,243.78990582003757,270.63075462821627,496.9858248796591,404.18793042349347,473.5396939708482,232.3130401280054,289.0705250661682,316.7112823822954,218.89807391955577,270.8153303769418,157.17071863878982,296.03061966930903,399.9564377800811,438.83614553769564,86.38862698446262,404.6531683563979,67.77237166593478,239.21908231719817,289.0846018685922,238.4122316276051,515.6688770212072,182.90589779680735,325.120774134833,322.20699531942233,306.58741839510276,136.4019156711953,189.95797822059947,92.88803411367736,118.21661317633524,288.1067734115643,407.81132331542926,398.8747583436456,375.23429801790303,275.9676468916876,181.34447202571963,195.9664395428805,243.07564403173114,387.6249493511988,108.81668935095084,366.8857026693736,242.4979950067149,131.29752263630073,302.08889787950085,233.4759456546737,183.49526083411763,104.55490643623641,269.4907930729632,247.7884256972545,115.6118421189307,187.58160154315686,75.4230653848402,206.47924081059796,130.8067990108055,95.96483610854781,0.0,292.05191774811567,83.4991873907968,138.44991360941384,200.62180166095305,192.64512098016965,156.7871325424759,341.16036940936533,366.085624647065,433.6300317331695
304.4132791583918,208.64746344377366,104.80048666106366,158.70886973529602,287.98925899094667,483.68142082321936,466.6957221897832,348.3783386118498,320.28972435131874,48.67724651978469,475.4892152369454,502.07489806194866,99.52322235903668,54.931427674055726,244.2716226928688,180.5123321521409,35.77602825321766,334.808094428455,42.12528839776181,50.41752969886531,45.83137070570318,442.17955459465884,251.9814573608626,39.39411702469358,11.513600043989037,38.273643692161535,311.0797958754759,83.83503666994355,465.6941610501389,295.51048624572275,177.0290004961224,378.12505215856265,296.94045301018406,298.7177932572622,179.7160505871343,63.807596567402406,49.07038362939249,197.22416662667635,491.67397934202984,211.09470142454248,505.577239250147,61.49164869247855,9.103533618690804,387.48066685464624,165.19662988303742,247.29001002669028,178.34710728693133,311.13478334172794,222.92381213275647,218.25422270807817,359.10010821452124,369.92468252524156,230.42928069326874,53.55945581398326,189.45785679486465,54.47067928226701,439.2526603008735,194.7830051907815,288.15510404252285,350.265883498234,548.9278963882042,201.30298087971224,308.59166922318644,262.39979638923376,348.2926853691474,42.280685160038125,249.32956975827017,486.3106125414543,243.67664451033957,16.966966546064292,164.0814134997931,431.155964512936,56.3899868586288,168.7172436567868,375.01084710204236,455.1166848719001,52.900778680659926,212.67519757584907,20.54009025248213,58.75147086647328,216.06784173916637,395.3899901466479,501.95123194115365,45.43957401617342,291.12352067117934,404.31436679577587,216.72264044399031,86.06946056036739,316.70529342877893,236.47129887405748,292.05191774811567,0.0,209.6226228016318,246.97499426694884,255.3196155213569,239.07570915402493,210.0226391288976,96.32103782656137,440.36871793056395,511.96072814998314
124.54247676815282,121.35796193129231,134.28384938824468,267.94921363083563,307.013396154293,389.979006043193,500.8878115920355,296.9553724873106,119.12388679685878,160.95891851498774,273.7601018198845,409.9932965624123,127.36624984788232,154.72657894482953,37.460308489959445,31.947707060030456,179.19993114147417,262.3069734598113,171.00112822368013,160.7976080408001,193.05907826723518,297.63926624052993,143.3166677664319,170.8420178847027,199.4744916438356,172.72899072330532,134.5192270873859,212.37240955563442,352.0348653943858,178.39495172725077,323.5898807808637,426.83802965064496,210.85429350413818,382.1823811551405,122.50781919090745,145.84899754465624,160.95335238247193,205.7509995452324,466.57301872463887,328.5446676301915,453.30247524587327,151.17882595279704,207.163056710542,300.38484950077964,166.29090272409596,218.83827054251202,87.5614455081158,258.9445361394342,326.50450328779436,360.52468954508123,152.74387033282846,361.81804878040026,41.329556065005455,156.3888561617405,221.03519718200863,156.78659000312283,467.0931233638472,121.80518254791708,275.7970583518669,291.8571154580807,361.22104122219713,75.88981264213818,199.54952718476784,101.77938468545113,172.39692581961063,204.6131546100566,337.70555613777475,393.5238781581048,308.30952510926244,193.8908443277076,109.22163210984824,243.4863995660502,159.63594073224345,308.26622797506593,181.45781065590907,360.15724146557613,159.27536900977822,99.74494150127494,218.91554891628826,150.88063629793365,130.8108187990466,185.7784094465489,318.3789303257091,164.8846108957574,117.67245685616984,224.604259333026,16.291319760570467,123.65014010233111,143.31135095475733,82.60026804757443,83.4991873907968,209.6226228016318,0.0,105.80207335762101,162.00721803559017,170.7231763323041,124.0488712706543,258.56116690856254,354.4194634126727,426.7039189811781
65.83021803248185,51.26996094283805,211.10948489648362,236.1355179695003,225.76551561153292,284.92731466342406,411.65513509485135,195.0337831516941,183.85725599508885,204.4843310029774,241.8196173631059,304.943670947625,147.457692079,199.54009212264197,91.75673863877044,124.9046643807414,211.2979190748439,158.18848906444043,204.97428035605586,198.05929210429557,249.59360640759598,204.1890399242305,248.70710594128042,209.3890427199537,235.47114642629677,218.61206386927515,68.87402677368982,210.77280419748703,249.41286572163963,72.65999737716811,299.3810032870509,345.8850257021305,106.96664173599099,318.8074380125261,223.48780301196587,192.11634032155152,201.11567852241024,143.59649732728565,364.4813861937612,288.2446233385859,348.184493380327,204.0920764099021,248.44569179195787,194.58499193782086,262.1736235594116,133.67419016159945,68.67706981935491,159.19459936611395,279.65541543878254,328.6744277706869,147.636382569524,266.76513556233067,142.23931876410603,197.36783148282828,165.0751840260744,206.27661652866826,377.2391320137834,63.9928341922172,186.83640705818055,188.86457012272922,303.0854356888062,48.211893107593404,302.8306340583657,201.61552050377614,254.7961837897183,223.6230649760183,281.9058122634043,288.4184216847913,246.18125221798982,235.55991165208175,85.45985653859262,187.09252260283472,190.60601886282458,282.9340804685367,246.2076552959572,254.9775892368572,195.0203124609047,205.39911095464814,247.57371845286798,194.91134387800156,52.76577846394676,202.7085394841085,255.51547157150497,203.73518852071706,50.73101579712833,158.17524554413558,120.00174686753553,171.1211320094807,72.18448196345054,186.56005624810874,138.44991360941384,246.97499426694884,105.80207335762101,0.0,62.32800194151037,276.25060215371144,229.08064796808299,256.507607101628,248.69673388394045,321.2545948302552
112.21491553422032,51.70619545394468,244.48650544540516,204.05762393959037,166.5984750355872,240.64965077139726,349.51664432118406,134.97694914008378,245.9706259816871,220.54896923329656,275.09622047411847,260.3568248848544,160.3357467603408,216.89980492774924,153.2930563775552,174.66733361641846,220.19889559286796,101.26973692931738,215.68887679910594,211.47406529217733,268.69527644662116,188.13274653434925,305.01699583861813,222.13147238319237,244.06196175658263,234.4266360520842,109.85875830131529,199.92234385169584,213.6885091413161,42.138068274015964,267.86595232344484,285.58462158199535,50.58494098321785,265.601933571298,271.2600900955152,211.19408446788066,215.74134498866758,101.59991839037382,304.66239327113055,248.03301510537992,292.71862336876103,225.29520721772238,258.92394423450867,145.27873460361005,304.7517974245808,75.80262131158213,94.66901367361203,97.64508631684802,236.13909790357513,291.556251711529,199.5239532953733,204.4641955184273,201.08623012048028,212.9116801247632,124.45758269637551,225.387955504757,315.07012232548993,62.95961185889318,125.5508247078963,129.9314212325304,316.5865367902017,89.46274654620242,361.3728445956589,261.4341746320843,317.1067938324708,223.60003121048243,233.43261035701323,243.8408730206851,195.64970291383656,247.3730320280579,95.83024330411092,209.9212808782072,201.54661705031455,251.63205502274323,307.84037545188966,210.67520206665105,207.99786385614223,259.3009114475967,250.84482372319897,212.42660618634494,41.80090461663035,257.04792530892314,267.95467464476474,217.31632721907167,98.90921863038594,176.9073616846736,177.43552937924588,193.84505803741888,107.89618554395966,244.4498208638032,200.62180166095305,255.3196155213569,162.00721803559017,62.32800194151037,0.0,329.04908132748193,281.2493121867256,240.87428717650587,200.68426406933162,274.4671695316269
287.5085402642023,282.31808308560556,137.8022858648884,370.57621340102446,453.54507288198164,560.696132592879,649.0151832739172,462.46145703854114,182.5238034780121,206.1279588832002,395.01832945999274,580.708974188264,224.90839368966226,201.90750459505568,195.5968850613925,154.46936477895153,231.2869169767282,430.29727237863597,224.7168272769602,215.58289679521778,196.21898556840915,463.32378000985153,42.49471903234579,217.8097799710003,235.68798115531754,206.87699221707604,298.01225905095964,294.7907214161814,522.0055593676502,348.91058058463295,408.2854893813186,567.54231720728,379.1551476988863,505.83718618788015,66.80857135093257,196.87286137587947,211.31850160165448,346.6066476652648,630.6840614006778,431.5069707564161,621.7559074396337,187.57074467450897,231.15524329082658,470.5967334608847,77.63556894975468,374.35066829009025,240.35669552303892,423.1952501699226,437.0036691081447,449.651237851426,278.0507429992236,519.4104955462591,140.6465881365695,208.38076269536867,354.6411144714306,195.02806024887389,616.6645831927171,277.8987184443975,430.7078665701138,458.46352026611873,498.20766473615635,239.6510571317551,72.42382057090421,101.45209149680018,156.02740258679285,263.6683256968859,456.72147910433983,564.2445119432699,436.6155518722805,223.55798410206376,252.98894866320694,388.5187092728763,224.0236790781407,396.69131641315835,201.68681489129534,530.8804062353839,217.18077085989535,71.0081636227325,258.30272766334105,201.8542886695183,292.7136848507956,277.19042623595703,462.10840610406234,214.85721170958743,284.0418144795174,378.0319671934502,157.96192216115,189.96941850974216,307.362527682373,98.55322716299719,192.64512098016965,239.07570915402493,170.7231763323041,276.25060215371144,329.04908132748193,0.0,47.854142505524514,328.3018471929258,524.9402532180344,597.4005958118559
243.81521785804014,234.48746051330582,105.29337783943912,330.3495183638728,407.2678263513653,513.8440221376059,602.9176265171232,414.60923929908324,156.18510681904013,171.38096805735788,363.42452421740063,533.8623727667471,181.9758483792889,166.41480552429962,151.37905974290558,106.62844871570564,196.6629504382099,382.5094120462283,189.3785004278623,179.46586983924476,171.1247351014179,419.32539386051684,41.973045974495605,183.47442103477536,204.83850130095453,174.66496307773878,254.2408781866249,256.7081781674801,476.0035218491872,301.71083592821475,371.9443140514352,522.3626958134657,331.4122054160646,463.14627686111925,30.60308240129716,160.18765270183167,175.8319988646021,300.5210650550043,582.894834651703,391.9290778838692,573.966256488144,153.24469048970528,203.00092999876352,423.1732520833553,70.05354501686956,326.95483216572575,192.6648557052883,375.3585036683768,396.1202344421893,412.9172456312108,243.1757327242279,472.0483915094346,97.63556481694124,172.35421388583492,309.48893536589395,160.94015918386435,570.3285104811218,230.21773640778713,383.4743428663009,410.6147974555518,463.23963562331886,191.82743754666654,101.49509012036856,74.62442469719964,150.3460643600427,229.11681505087276,414.5228679814681,517.3669179566341,392.7908967724218,193.54868628802478,205.87209684172933,350.5245812316674,186.52062466459597,359.4557896175376,189.40761437248943,483.9599651103023,180.5368034504548,26.215957489550075,227.8432697827388,165.5646994515344,244.8740835649582,250.44127299606956,425.00178716001915,179.6894481344479,239.33322750451956,337.6394461523068,112.23506071394789,149.826144348381,263.4810886351991,61.038488285975454,156.7871325424759,210.0226391288976,124.0488712706543,229.08064796808299,281.2493121867256,47.854142505524514,0.0,293.5513828054124,477.6698327604142,550.333252093844
321.40423380226287,207.5676722090673,190.5426289127285,72.77607490292162,216.77338830223917,440.36877657773897,379.8132111915784,298.24572045654514,377.14730827004104,122.45660556748832,497.8838331416939,457.0233553552161,131.21857612555985,127.17742767290912,286.38471603449716,236.2009947849081,97.15634847842301,295.517206304693,104.19503479781521,114.1271604496426,141.89222797547143,426.13728249019493,335.02521868682794,110.57315658146511,95.46299870338049,121.79765835331018,325.3400965691587,47.20107847207434,432.5989608345461,282.95319745472517,81.13106906938604,290.59820296342735,269.8254634374388,206.46752588127242,264.7018375343001,133.46675256285104,117.74164554724267,152.5714972034091,421.1632705079794,116.10095474314242,444.1782881339092,140.91727180997418,105.41419958190708,348.5426554756278,258.0931770083288,204.69633217041155,195.643402750152,266.36905151323475,130.10783810132307,122.61018914484046,392.407205142159,300.5501786634241,289.7122351067847,121.20727776302196,135.43127199109472,133.35975892490575,354.78468022638003,193.52544024993946,229.81763399592305,302.87867102673283,555.1060498611191,220.98113143958008,394.6750591976859,333.7302500265016,418.47694972955014,64.67101658011259,158.52166972343753,442.4427725018713,160.91649907041256,108.18267682181428,173.19558983594595,442.3950947815209,108.14595104633399,72.43595813307957,437.47695877830864,414.15775104618683,113.26255912569849,290.6836405320683,75.8681679545648,128.01798156989685,210.88529743566818,437.9810294836242,506.62507225185703,113.9465546287639,306.55081795052484,411.590631902654,270.2067819237907,147.35014194516984,328.48226935698005,307.31784983879095,341.16036940936533,96.32103782656137,258.56116690856254,256.507607101628,240.87428717650587,328.3018471929258,293.5513828054124,0.0,396.4780818421392,463.45965259480823
254.37536051161533,252.0438842972964,444.52035313332834,334.0682456926283,203.1896817168618,43.91142199593012,268.22428592154137,99.54155668262148,406.6933828032753,413.45424395795686,319.9572247880949,61.706435529944955,354.5351899555531,410.77145400062835,335.10490153658776,372.2997901224093,407.8081509896201,105.76512216917388,405.0289174696924,403.02719450078314,461.89430494457326,130.61496640630648,496.6073686434313,412.6537525529758,429.973167684868,426.5798280838456,244.86334871649038,368.3060800181501,61.280939681428094,176.04145530838883,386.20687972144304,257.88878829593887,150.6655857130573,302.9505936687605,470.37084024640495,406.2799493942362,407.9109861204662,246.684076410195,155.68711965373424,345.33200140939186,112.13625128488556,421.05796353259115,445.7416239029236,55.412469861765615,505.31874769688795,194.41345688543402,295.3323630393807,130.7177071103344,325.20644948022107,389.87964469088,321.07081803132195,148.7164192036759,389.02855444044405,405.8182133363685,261.2548495636956,419.98489759574136,239.47402537706188,261.67795045689127,170.8660009874745,93.70575791445374,288.03231089370576,288.29249144362046,548.1295347927111,445.89440568861,482.4011140669616,402.3926539025626,303.8661698115332,46.173252264153405,269.95805888637756,435.90571786679516,293.9418544654171,249.08069688932096,391.90168236233893,373.4353455904525,458.24224270609926,21.768000678025967,399.43066869951394,454.0908776874167,431.05905554048644,406.57239403674316,241.74317923897567,374.7028478924992,251.914182593024,408.6886008858225,251.13727736199576,223.925613299188,368.14333338302976,391.26705050621996,236.12301889112985,433.7204581796249,366.085624647065,440.36871793056395,354.4194634126727,248.69673388394045,200.68426406933162,524.9402532180344,477.6698327604142,396.4780818421392,0.0,73.81012549878172
321.8817498760234,325.8532436417586,518.3057683641704,398.069054618414,259.2781896153659,38.82939870177429,273.81930993647416,165.4871571349481,472.58417426287554,486.3583005330781,362.1412328757979,21.401962902799273,427.76641993655164,483.8168400048898,405.8903469440732,445.4101708343734,479.96408899601204,178.60720990831493,477.45161447441063,475.7727606644648,534.725185109288,173.24899012159955,568.1427853777211,485.21849540595247,501.75772704076655,499.3390064250283,311.939185073408,437.8925606347534,91.19011687960892,248.66353667719906,446.12917947595594,287.0341532167876,224.4723466420396,347.92533058297926,543.6684412818676,479.4985993191515,480.72740471314125,316.4504461980305,141.16700659961924,402.32537191498926,79.43819678736354,494.3411522682031,517.5982387240217,129.21729890064753,579.0193217543224,264.90169461800156,369.12606165499665,200.91783660591224,381.4236096300668,445.2043477121394,381.7041792762964,189.1637673802056,460.33537522575426,478.74336847469675,329.3422397706369,493.1103687641852,251.60109898735712,335.4499601553434,234.26965469133322,162.1196488694776,309.08334725757425,361.76547537697536,618.3631860646906,516.1476415200575,548.1854120932098,473.22825551657866,357.1896687297941,35.02246633164204,326.7379360895716,508.07959843808703,367.648937219051,296.5563396153261,464.5217139617308,434.4982969416551,520.9959627258963,67.02464960111953,472.1716905947657,526.4478318036837,501.9050950658265,479.66488809333714,315.552886250207,432.2397554531557,281.9897196181088,481.3896721240716,320.11233309679915,276.6373605943108,440.0671391168801,464.7985414328569,302.84856268706,505.0194127246306,433.6300317331695,511.96072814998314,426.7039189811781,321.2545948302552,274.4671695316269,597.4005958118559,550.333252093844,463.45965259480823,73.81012549878172,0.0
